,S
2020-01-01,54.598150033144236
2020-01-02,53.945061957431165
2020-01-03,52.48891840448725
2020-01-06,52.91414326434477
2020-01-07,50.50805484267855
2020-01-08,50.9701910789205
2020-01-09,51.78479743115637
2020-01-10,52.15672909080605
2020-01-13,54.80312210817476
2020-01-14,56.16352151466877
2020-01-15,58.07851990919619
2020-01-16,55.955535942517514
2020-01-17,56.399648017805674
2020-01-20,57.15829286616865
2020-01-21,58.74880291830937
2020-01-22,59.7834241645185
2020-01-23,59.944076310756756
2020-01-24,60.380947217390236
2020-01-27,59.5606113426883
2020-01-28,60.011194782182805
2020-01-29,62.02699312264088
2020-01-30,60.72209818294838
2020-01-31,60.99841176769118
2020-02-03,63.69285504272506
2020-02-04,63.95125659991436
2020-02-05,64.09782624285171
2020-02-06,63.667255147658395
2020-02-07,64.48452313100393
2020-02-10,62.30534306377405
2020-02-11,63.78718233536132
2020-02-12,62.76185508452562
2020-02-13,63.59520420709383
2020-02-14,65.96322738653637
2020-02-17,63.90972090161803
2020-02-18,63.54321257136181
2020-02-19,63.17772296907395
2020-02-20,61.88022247309049
2020-02-21,61.24407786984458
2020-02-24,65.21536311374797
2020-02-25,65.1577275673712
2020-02-26,65.85048922160311
2020-02-27,66.0180979963311
2020-02-28,63.67838390103674
2020-03-02,65.22900193868428
2020-03-03,63.485247239093646
2020-03-04,64.10852115978845
2020-03-05,63.47967115827753
2020-03-06,64.77117229473039
2020-03-09,66.05922528224181
2020-03-10,65.37643191228861
2020-03-11,65.4236383788802
2020-03-12,68.04890662249987
2020-03-13,68.97893850812922
2020-03-16,69.00883370547352
2020-03-17,65.5240699788263
2020-03-18,65.06356641920227
2020-03-19,68.39110954064333
2020-03-20,67.07285538606818
2020-03-23,67.22112248190851
2020-03-24,67.77194446913778
2020-03-25,65.37080397960891
2020-03-26,64.38261314839164
2020-03-27,62.61032548252735
2020-03-30,60.695581094079046
2020-03-31,62.517276909421184
2020-04-01,62.53760722324917
2020-04-02,65.07522266118417
2020-04-03,66.65535156361453
2020-04-06,67.511826524073
2020-04-07,69.01719357413056
2020-04-08,68.07106718264964
2020-04-09,67.00345993338456
2020-04-10,69.75720384816891
2020-04-13,68.85015405972314
2020-04-14,71.71710280624546
2020-04-15,70.52330567869016
2020-04-16,69.82841842698755
2020-04-17,70.91283570734629
2020-04-20,70.64857450194431
2020-04-21,66.984178106196
2020-04-22,68.75700183099804
2020-04-23,70.10746544067361
2020-04-24,68.33156715453653
2020-04-27,66.3838699146701
2020-04-28,64.0846688948869
2020-04-29,64.80954484492105
2020-04-30,66.68549997241394
2020-05-01,66.62385876111979
2020-05-04,65.72751914176523
2020-05-05,65.02038266507347
2020-05-06,64.23829125763375
2020-05-07,63.54899597566387
2020-05-08,65.13427029295944
2020-05-11,65.17883627869693
2020-05-12,64.38802259206616
2020-05-13,66.5119629818066
2020-05-14,66.87545477276572
2020-05-15,67.04446008545246
2020-05-18,66.53286150138034
2020-05-19,67.99764869091808
2020-05-20,68.39467511989302
2020-05-21,67.45566454578957
2020-05-22,65.05754703680296
2020-05-25,67.87408929507575
2020-05-26,66.69180777401927
2020-05-27,64.05134417746855
2020-05-28,62.60264751939045
2020-05-29,60.783827955924295
2020-06-01,60.98520674656776
2020-06-02,62.35390926694677
2020-06-03,63.12845039652513
2020-06-04,60.17252267415292
2020-06-05,59.76708039653643
2020-06-08,60.073220294749426
2020-06-09,60.42917355360949
2020-06-10,61.297940307511645
2020-06-11,62.40004962996089
2020-06-12,62.60687604838787
2020-06-15,58.91736257878478
2020-06-16,62.07763114388824
2020-06-17,62.80290749977333
2020-06-18,64.17945726325014
2020-06-19,62.95486231447456
2020-06-22,65.12803992452606
2020-06-23,66.2377628087896
2020-06-24,63.04610639728196
2020-06-25,64.7653123926308
2020-06-26,60.815795869976
2020-06-29,63.52356585288703
2020-06-30,61.74614747685087
2020-07-01,60.716152533231714
2020-07-02,62.25664233058374
2020-07-03,68.28559224815
2020-07-06,69.31363936668765
2020-07-07,67.03072492991794
2020-07-08,67.72970064550042
2020-07-09,65.8343885653057
2020-07-10,63.828746032867414
2020-07-13,65.28046407894045
2020-07-14,65.19322705060688
2020-07-15,65.23021696904985
2020-07-16,64.72398720077213
2020-07-17,62.597320704557326
2020-07-20,59.97439920310832
2020-07-21,59.97054945930203
2020-07-22,59.784590709698605
2020-07-23,60.31621631593017
2020-07-24,60.898312294086104
2020-07-27,60.61295794515766
2020-07-28,59.06670141945474
2020-07-29,57.57080978595121
2020-07-30,59.07707382598672
2020-07-31,57.68807905932783
2020-08-03,57.68344385583877
2020-08-04,56.01462001600909
2020-08-05,55.306545050282836
2020-08-06,55.223849104682515
2020-08-07,53.75729763285188
2020-08-10,51.96273254643841
2020-08-11,51.18196513854584
2020-08-12,50.829099232324495
2020-08-13,50.530047730839954
2020-08-14,50.932765911995816
2020-08-17,52.78032568870575
2020-08-18,50.952194191860016
2020-08-19,49.947933434064105
2020-08-20,50.31942654483021
2020-08-21,50.49650739916124
2020-08-24,49.30785591066268
2020-08-25,50.546972355842975
2020-08-26,50.23441416419571
2020-08-27,51.286981846654825
2020-08-28,51.17163344947877
2020-08-31,51.76305106110339
2020-09-01,54.33008297371911
2020-09-02,55.46944324685156
2020-09-03,54.479688370474015
2020-09-04,53.34657547693508
2020-09-07,53.769724671757544
2020-09-08,53.92644547282841
2020-09-09,53.797671571885346
2020-09-10,52.53301591963579
2020-09-11,52.567617876383096
2020-09-14,51.79406418458011
2020-09-15,51.516902072810886
2020-09-16,51.69101866069882
2020-09-17,51.511700951635085
2020-09-18,49.28825221298056
2020-09-21,46.86063138740224
2020-09-22,45.787147691514626
2020-09-23,43.514439926488635
2020-09-24,44.72769036675063
2020-09-25,47.523089003935894
2020-09-28,48.47413669589084
2020-09-29,47.46393675084683
2020-09-30,46.5213315099708
2020-10-01,47.52195148886111
2020-10-02,48.632930427039604
2020-10-05,47.34445050058933
2020-10-06,49.11877983511124
2020-10-07,48.895953988623596
2020-10-08,51.251675065228625
2020-10-09,51.26838918139417
2020-10-12,51.69806997957907
2020-10-13,53.2634856480175
2020-10-14,52.94227409047318
2020-10-15,52.39974192721882
2020-10-16,54.1176594247671
2020-10-19,53.95585312246473
2020-10-20,51.78842415165443
2020-10-21,50.22192410201237
2020-10-22,47.04478413832589
2020-10-23,47.09727307986706
2020-10-26,45.93011441487091
2020-10-27,46.95648007909181
2020-10-28,46.285596767757546
2020-10-29,48.48715300731847
2020-10-30,48.64392295006313
2020-11-02,46.7865155153019
2020-11-03,45.3082644086048
2020-11-04,47.464728438645096
2020-11-05,47.05112623046992
2020-11-06,49.76799991796596
2020-11-09,51.31572327302947
2020-11-10,51.194221737342154
2020-11-11,52.310535364166675
2020-11-12,52.08824226414247
2020-11-13,53.30922823431194
2020-11-16,54.38723754370518
2020-11-17,54.957788167273584
2020-11-18,56.24821045353546
2020-11-19,53.41770132326064
2020-11-20,54.35671909564115
2020-11-23,54.623778030481155
2020-11-24,53.49124661330278
2020-11-25,54.48586801466485
2020-11-26,55.778829815476584
2020-11-27,57.51681886104142
2020-11-30,55.18439049704744
2020-12-01,54.254991196100974
2020-12-02,49.67192617170547
2020-12-03,50.20810294615803
2020-12-04,52.339505005433715
2020-12-07,53.945059858534385
2020-12-08,55.29969712770408
2020-12-09,52.59235815729486
2020-12-10,52.09616617451678
2020-12-11,52.328574177012186
2020-12-14,50.114264975312956
2020-12-15,51.60451636530926
2020-12-16,53.34164080594144
2020-12-17,51.40030659297384
2020-12-18,53.153586194393064
2020-12-21,54.27974245702585
2020-12-22,55.482253006701825
2020-12-23,55.7437499329525
2020-12-24,55.37987174747886
2020-12-25,56.09090959740612
2020-12-28,56.662193330573366
2020-12-29,56.30520518320563
2020-12-30,55.876450955327414
2020-12-31,58.177869233134295
2021-01-01,58.97181886126342
2021-01-04,60.91847903294829
2021-01-05,63.54886824872425
2021-01-06,63.48580533949936
2021-01-07,63.11916832239318
2021-01-08,63.72805578273951
2021-01-11,64.77369742755958
2021-01-12,66.39092776553592
2021-01-13,64.8666805551157
2021-01-14,63.90916116331946
2021-01-15,62.36467488874339
2021-01-18,66.88657161837658
2021-01-19,65.91872691753672
2021-01-20,65.501200595432
2021-01-21,65.37383981068427
2021-01-22,63.23962712481976
2021-01-25,62.82145572492858
2021-01-26,63.78490407282955
2021-01-27,63.26805268490572
2021-01-28,61.86022422757115
2021-01-29,60.5673657347748
2021-02-01,58.82653065550425
2021-02-02,62.479610139395874
2021-02-03,65.75177105267319
2021-02-04,64.9166211356187
2021-02-05,64.41506838270384
2021-02-08,63.94842933134349
2021-02-09,63.17365418695238
2021-02-10,65.12463492405615
2021-02-11,64.68700792879511
2021-02-12,62.592910811400806
2021-02-15,62.16064335324581
2021-02-16,63.258758972193206
2021-02-17,62.22543172296063
2021-02-18,62.28265590872229
2021-02-19,61.331623146330756
2021-02-22,59.86493299822334
2021-02-23,60.67707246989363
2021-02-24,61.204540583794696
2021-02-25,60.35164119149606
2021-02-26,58.41523015816283
2021-03-01,57.030095095849155
2021-03-02,58.69840093735881
2021-03-03,60.86666397241235
2021-03-04,59.831996039822904
2021-03-05,59.83889879441793
2021-03-08,56.04500891379298
2021-03-09,55.60531633377643
2021-03-10,54.82464789801535
2021-03-11,55.801854930902884
2021-03-12,52.622390494265986
2021-03-15,50.65915778421938
2021-03-16,52.06586745361579
2021-03-17,51.62028876493657
2021-03-18,53.43078849441878
2021-03-19,53.83154361931192
2021-03-22,55.934021366947036
2021-03-23,54.714472622951185
2021-03-24,57.119346216507
2021-03-25,56.967576057402084
2021-03-26,57.95563319589205
2021-03-29,58.43567314502578
2021-03-30,62.74566238559822
2021-03-31,62.799928547726864
2021-04-01,59.33478390261185
2021-04-02,60.204515482553504
2021-04-05,56.22967548694377
2021-04-06,56.22202562808133
2021-04-07,55.98898513102784
2021-04-08,57.05814918444831
2021-04-09,57.31926141776348
2021-04-12,58.35728849273412
2021-04-13,58.138462757863444
2021-04-14,61.86732562676321
2021-04-15,60.71489964317654
2021-04-16,61.40389354431267
2021-04-19,64.03868173582252
2021-04-20,65.11251572786594
2021-04-21,62.94381741019637
2021-04-22,62.21978779891986
2021-04-23,62.85093687406351
2021-04-26,64.56348424749514
2021-04-27,65.11147099186633
2021-04-28,63.67952539318086
2021-04-29,63.75315966133054
2021-04-30,65.29319263527822
2021-05-03,64.39344805201921
2021-05-04,64.37117248855938
2021-05-05,62.87986965972539
2021-05-06,63.27260703357116
2021-05-07,65.06231188861535
2021-05-10,67.46754656805936
2021-05-11,68.90127505630157
2021-05-12,71.89237869466885
2021-05-13,71.49120718672746
2021-05-14,72.27475610954706
2021-05-17,71.74904846812836
2021-05-18,71.41461282361207
2021-05-19,72.08505159659413
2021-05-20,72.30140736332461
2021-05-21,74.4748907938336
2021-05-24,74.17365542529524
2021-05-25,73.9010044554739
2021-05-26,75.30030213959913
2021-05-27,75.35128192514239
2021-05-28,75.352762342046
2021-05-31,73.02986809956396
2021-06-01,71.99085105992907
2021-06-02,68.3766337864686
2021-06-03,72.36618141914636
2021-06-04,73.4948037203343
2021-06-07,72.80216757752568
2021-06-08,72.76186549182631
2021-06-09,74.59502296510578
2021-06-10,77.06223508501236
2021-06-11,78.40076591571349
2021-06-14,78.84598943100805
2021-06-15,77.64240579178205
2021-06-16,78.94983787123901
2021-06-17,79.99864882687915
2021-06-18,74.7534048383213
2021-06-21,72.81551800368054
2021-06-22,71.945170671015
2021-06-23,72.18912828551528
2021-06-24,71.08979198857966
2021-06-25,69.41361171236221
2021-06-28,68.99950208967418
2021-06-29,70.41933962967438
2021-06-30,70.21893040930566
2021-07-01,70.499467219959
2021-07-02,69.46590156264851
2021-07-05,67.91150924914936
2021-07-06,66.20628140786653
2021-07-07,67.07434003175237
2021-07-08,66.20340130051305
2021-07-09,66.29224924674583
2021-07-12,67.68950787123386
2021-07-13,67.41795707670289
2021-07-14,67.33149283882847
2021-07-15,65.90203962091459
2021-07-16,65.92756022314018
2021-07-19,66.80821483322808
2021-07-20,66.61463453573371
2021-07-21,64.82479243765202
2021-07-22,65.32291189913806
2021-07-23,62.77855303241557
2021-07-26,61.71478070340842
2021-07-27,60.900920427382715
2021-07-28,60.32334492787147
2021-07-29,60.562925340504215
2021-07-30,57.156789970654295
2021-08-02,57.27373459901259
2021-08-03,55.16077763518032
2021-08-04,55.90924630784283
2021-08-05,58.312505804268106
2021-08-06,60.201869455045006
2021-08-09,60.16264060146381
2021-08-10,58.1594158637104
2021-08-11,56.76539598174092
2021-08-12,56.590580870016694
2021-08-13,58.15032940443748
2021-08-16,57.71206453208197
2021-08-17,56.331397916515996
2021-08-18,57.51928600435777
2021-08-19,58.713081896735446
2021-08-20,59.233915616027915
2021-08-23,57.30016161147364
2021-08-24,58.40004587504575
2021-08-25,59.01521665362328
2021-08-26,59.3320300939394
2021-08-27,56.27907428204903
2021-08-30,57.37415649610435
2021-08-31,56.8364548313291
2021-09-01,55.11991281084763
2021-09-02,55.71833699806796
2021-09-03,58.10109240273317
2021-09-06,57.46147360478327
2021-09-07,58.18874297454822
2021-09-08,57.76737330962491
2021-09-09,54.2800016844644
2021-09-10,54.632795924070095
2021-09-13,53.027863776682665
2021-09-14,52.400878549128834
2021-09-15,51.254710985929016
2021-09-16,50.04461902087177
2021-09-17,48.33341967046283
2021-09-20,46.4697767858361
2021-09-21,46.705353980747326
2021-09-22,45.57641943577583
2021-09-23,45.33645322282094
2021-09-24,44.98358146096673
2021-09-27,44.824584839191466
2021-09-28,46.30324983058145
2021-09-29,44.9296906310659
2021-09-30,45.313992562682124
2021-10-01,44.61755715177107
2021-10-04,44.734554373308136
2021-10-05,44.057920948926906
2021-10-06,44.612199570866125
2021-10-07,43.76646215244162
2021-10-08,43.91504667843621
2021-10-11,43.091201734067944
2021-10-12,43.70532363886678
2021-10-13,42.04532841552832
2021-10-14,42.207022182098235
2021-10-15,44.61069432646189
2021-10-18,44.33318182064439
2021-10-19,45.40456562889647
2021-10-20,45.371667916537746
2021-10-21,46.72865972572479
2021-10-22,46.046059216162575
2021-10-25,44.264494287110864
2021-10-26,46.38251416936625
2021-10-27,46.43696835832763
2021-10-28,46.6965899727943
2021-10-29,47.86143318326773
2021-11-01,47.6744300282295
2021-11-02,47.176869033454004
2021-11-03,46.4123009800878
2021-11-04,45.301519408427446
2021-11-05,44.93707538315874
2021-11-08,44.690272013041294
2021-11-09,45.02784179951166
2021-11-10,45.61802115014674
2021-11-11,45.77022887106166
2021-11-12,45.059566914080044
2021-11-15,46.2796497011945
2021-11-16,47.705787319385244
2021-11-17,49.554258127661406
2021-11-18,48.469651153123955
2021-11-19,49.81209242691176
2021-11-22,50.287152962361766
2021-11-23,48.11262713041585
2021-11-24,48.4602767236959
2021-11-25,48.95115357762823
2021-11-26,49.57144273326977
2021-11-29,51.0604917501522
2021-11-30,48.54669353032961
2021-12-01,49.15807902202534
2021-12-02,47.147917329688205
2021-12-03,47.359626356138115
2021-12-06,46.44485571938387
2021-12-07,45.241653455692
2021-12-08,44.251097574819035
2021-12-09,42.765605982576744
2021-12-10,40.76784202843887
2021-12-13,38.98013908239783
2021-12-14,39.879620177025124
2021-12-15,40.19003429721587
2021-12-16,39.88625096940417
2021-12-17,39.416826975628325
2021-12-20,37.64244949956171
2021-12-21,37.67063205580761
2021-12-22,37.4249569101079
2021-12-23,38.21046458728773
2021-12-24,37.7337252866893
2021-12-27,37.898761671551824
2021-12-28,39.635060885031876
2021-12-29,39.20789902217755
2021-12-30,37.716085139301576
2021-12-31,36.761967014043904
2022-01-03,36.800735128530604
2022-01-04,36.66398683449402
2022-01-05,35.024399560117644
2022-01-06,35.60826727649321
2022-01-07,35.18217316851689
2022-01-10,35.96051715946873
2022-01-11,35.79178203922661
2022-01-12,35.47074333610635
2022-01-13,35.54243375715004
2022-01-14,34.99072164028863
2022-01-17,35.69137465089745
2022-01-18,36.72510854098289
2022-01-19,37.18041419333232
2022-01-20,37.19230078639522
2022-01-21,37.53467049472347
2022-01-24,36.771902210208516
2022-01-25,38.51110487084436
2022-01-26,36.88365805879114
2022-01-27,37.40007734309663
2022-01-28,37.26802736470293
2022-01-31,36.87381098899885
2022-02-01,35.91623240525254
2022-02-02,36.30249030930998
2022-02-03,36.470534503919936
2022-02-04,35.854470202460966
2022-02-07,35.278722418577715
2022-02-08,35.78445317079193
2022-02-09,34.93441489822597
2022-02-10,34.80131721202707
2022-02-11,33.053489762985585
2022-02-14,32.41952345288475
2022-02-15,32.21869351086872
2022-02-16,32.40964675193651
2022-02-17,32.611882758517666
2022-02-18,31.85107688720146
2022-02-21,31.734465926938242
2022-02-22,29.88673093498534
2022-02-23,29.60596854081412
2022-02-24,28.614011642806656
2022-02-25,28.45362982370677
2022-02-28,27.563387356467278
2022-03-01,27.57980088194074
2022-03-02,27.6561690902289
2022-03-03,27.435396911117753
2022-03-04,26.30246204908642
2022-03-07,26.391265803165425
2022-03-08,25.887751857076243
2022-03-09,25.45360643539495
2022-03-10,25.506781521425264
2022-03-11,25.681695850440722
2022-03-14,25.89225201669692
2022-03-15,27.01359139572692
2022-03-16,26.145038674199302
2022-03-17,27.331606645180962
2022-03-18,28.13957103852943
2022-03-21,26.846276951760277
2022-03-22,27.006002890130695
2022-03-23,26.46533770395919
2022-03-24,27.917862009211888
2022-03-25,29.382653199946457
2022-03-28,28.212801299944616
2022-03-29,27.18816939900569
2022-03-30,26.701932472982
2022-03-31,26.216971492867707
2022-04-01,26.251897182514117
2022-04-04,26.92674451668242
2022-04-05,28.270517753102293
2022-04-06,29.33214287914609
2022-04-07,29.005396994697094
2022-04-08,28.711557984090057
2022-04-11,29.371416385854566
2022-04-12,30.28030317655576
2022-04-13,30.133415214793484
2022-04-14,30.41542515124469
2022-04-15,30.919795036656343
2022-04-18,32.2343557582481
2022-04-19,32.212863908954574
2022-04-20,31.808853406578713
2022-04-21,31.885079388616617
2022-04-22,31.75017817466892
2022-04-25,31.787635741555537
2022-04-26,32.616678564342365
2022-04-27,33.52505957512491
2022-04-28,34.893903896677415
2022-04-29,35.42480157168657
2022-05-02,35.478478537693896
2022-05-03,36.12875572895457
2022-05-04,36.475114204727525
2022-05-05,37.64058798775033
2022-05-06,36.99574229444751
2022-05-09,37.29578123970161
2022-05-10,37.375219846618485
2022-05-11,35.97187409361835
2022-05-12,36.94034731008821
2022-05-13,36.46110491661095
2022-05-16,36.91506193128261
2022-05-17,35.54525808167979
2022-05-18,34.719485724389926
2022-05-19,35.214866092787055
2022-05-20,36.10598008792
2022-05-23,37.13315167883511
2022-05-24,37.38617639080077
2022-05-25,37.64387052844709
2022-05-26,37.18790732767145
2022-05-27,39.17998933042232
2022-05-30,38.33259491780859
2022-05-31,36.65648296054058
2022-06-01,37.44468574312936
2022-06-02,36.96299476888047
2022-06-03,36.75888723956433
2022-06-06,37.037144511555866
2022-06-07,37.45895084911885
2022-06-08,37.94764679061322
2022-06-09,36.79742302016476
2022-06-10,38.03766524947383
2022-06-13,36.88478474599212
2022-06-14,34.6859246066579
2022-06-15,34.670960548258755
2022-06-16,34.67152381721724
2022-06-17,33.89272460864942
2022-06-20,35.00921253394807
2022-06-21,36.70150726000544
2022-06-22,38.430080996508366
2022-06-23,37.46651876781233
2022-06-24,37.337613305266984
2022-06-27,37.364655212160365
2022-06-28,36.62513449402254
2022-06-29,36.37014213432052
2022-06-30,36.84795424997513
2022-07-01,37.295284875992934
2022-07-04,37.08146203390036
2022-07-05,37.13692635889433
2022-07-06,36.05190772911935
2022-07-07,35.95642215804202
2022-07-08,34.61425580091403
2022-07-11,35.00614986064678
2022-07-12,36.163357934059846
2022-07-13,36.87831277220213
2022-07-14,36.769532341728734
2022-07-15,36.79593625008145
2022-07-18,37.317829463409915
2022-07-19,38.368370934902956
2022-07-20,39.5226105366867
2022-07-21,37.71646328733583
2022-07-22,37.621131785770224
2022-07-25,37.64241928628327
2022-07-26,38.41622641366796
2022-07-27,38.844170782663845
2022-07-28,38.7570362528974
2022-07-29,38.07860792255671
2022-08-01,37.59989415486102
2022-08-02,40.039262109278205
2022-08-03,41.64726401808384
2022-08-04,43.557728004084034
2022-08-05,42.78038530102048
2022-08-08,44.28191032722066
2022-08-09,44.85982630952156
2022-08-10,46.638571774783784
2022-08-11,46.52316245946122
2022-08-12,46.740725298904465
2022-08-15,45.39058046329637
2022-08-16,45.769159108555975
2022-08-17,46.63943448105426
2022-08-18,46.35043088411788
2022-08-19,48.64115612323219
2022-08-22,46.90067088604416
2022-08-23,47.4389243356834
2022-08-24,47.645349347575426
2022-08-25,47.007960991826614
2022-08-26,44.647003330833144
2022-08-29,43.7481077479144
2022-08-30,41.88061903802028
2022-08-31,42.12862658894633
2022-09-01,41.87957359851495
2022-09-02,39.74251390926169
2022-09-05,40.144690441825794
2022-09-06,41.94163862392483
2022-09-07,40.881871867589325
2022-09-08,41.93312662563677
2022-09-09,40.504654648004504
2022-09-12,39.72771363528806
2022-09-13,40.88686465532648
2022-09-14,41.373267567073164
2022-09-15,39.862831013573874
2022-09-16,38.874006088934784
2022-09-19,39.36224310876578
2022-09-20,39.3059816230778
2022-09-21,37.69859828923653
2022-09-22,36.97435582390143
2022-09-23,37.63094433473301
2022-09-26,39.288506959360596
2022-09-27,37.5733632738727
2022-09-28,37.940256902797074
2022-09-29,37.49741492547242
2022-09-30,36.88004296062393
2022-10-03,37.047120710171804
2022-10-04,36.95687392443933
2022-10-05,36.376640206527874
2022-10-06,35.54020464805896
2022-10-07,35.772381693759534
2022-10-10,35.638249398782655
2022-10-11,36.07363315008394
2022-10-12,34.990975887323536
2022-10-13,34.38585639338544
2022-10-14,33.64815878982671
2022-10-17,33.64541408655941
2022-10-18,32.985626461955036
2022-10-19,31.824954578998213
2022-10-20,32.30388440431464
2022-10-21,32.76282362708016
2022-10-24,33.221324049349775
2022-10-25,31.79163059954142
2022-10-26,32.80006450286207
2022-10-27,32.00407843089803
2022-10-28,32.2034550189573
2022-10-31,32.819455753577515
2022-11-01,32.91814096388336
2022-11-02,33.88826611971645
2022-11-03,33.42119391837925
2022-11-04,32.10832094094204
2022-11-07,31.802547691480363
2022-11-08,33.506888200495055
2022-11-09,34.66478674166477
2022-11-10,34.64328861025362
2022-11-11,35.20587719884912
2022-11-14,33.42694494476237
2022-11-15,31.488656896803523
2022-11-16,30.62138072277005
2022-11-17,30.21139190592315
2022-11-18,30.969156332801354
2022-11-21,31.30265192473655
2022-11-22,30.6271424556952
2022-11-23,30.344061941700506
2022-11-24,31.41335332029516
2022-11-25,32.52530477000522
2022-11-28,32.717802996335436
2022-11-29,31.39489598363295
2022-11-30,31.941359398805545
2022-12-01,30.902878731672942
2022-12-02,31.393572879880683
2022-12-05,31.56397924078553
2022-12-06,29.814090571899605
2022-12-07,30.53703024430928
2022-12-08,30.89637583771106
2022-12-09,30.76221564357858
2022-12-12,31.58335597127473
2022-12-13,31.366403412966314
2022-12-14,33.08825478904559
2022-12-15,32.79717184504393
2022-12-16,31.57951246106716
2022-12-19,32.07176659491592
2022-12-20,32.94895345536937
2022-12-21,32.10741493529791
2022-12-22,32.32921780042011
2022-12-23,33.36631649355245
2022-12-26,33.56955517910529
2022-12-27,33.040470861399804
2022-12-28,31.91233681781336
2022-12-29,32.18385774101979
2022-12-30,34.187387802868216
2023-01-02,33.679932457833836
2023-01-03,33.586900794773214
2023-01-04,35.213384240939455
2023-01-05,34.86532692540662
2023-01-06,35.002258615628854
2023-01-09,34.66185395797543
2023-01-10,35.95981790582911
2023-01-11,36.94609410708382
2023-01-12,36.53705364212653
2023-01-13,37.58993894837206
2023-01-16,37.06606876040417
2023-01-17,37.064777529348255
2023-01-18,37.936207513408526
2023-01-19,39.88999374594625
2023-01-20,39.25473632151797
2023-01-23,42.13500048751721
2023-01-24,40.93015303259279
2023-01-25,41.17865432663231
2023-01-26,41.05180278709971
2023-01-27,42.0526068586884
2023-01-30,42.932825516705726
2023-01-31,42.37693030581399
2023-02-01,42.15313484124559
2023-02-02,42.999640740234874
2023-02-03,42.09074825480432
2023-02-06,41.43240279330692
2023-02-07,41.38746341098621
2023-02-08,41.591107277561115
2023-02-09,41.94620191813784
2023-02-10,41.1946371556487
2023-02-13,38.98519096841008
2023-02-14,39.17255424434576
2023-02-15,38.9467450084319
2023-02-16,38.75165065847091
2023-02-17,39.20967402444143
2023-02-20,39.74116813003643
2023-02-21,40.70740948905578
2023-02-22,38.90908205635037
2023-02-23,38.58116297103801
2023-02-24,38.617837576857234
2023-02-27,39.67360429795395
2023-02-28,39.67485044446613
2023-03-01,37.85002285468607
2023-03-02,37.27687068091215
2023-03-03,37.26224481080777
2023-03-06,37.09139298459567
2023-03-07,36.67848514812284
2023-03-08,37.457810131500835
2023-03-09,36.29670588203491
2023-03-10,38.63503747639543
2023-03-13,37.42650608848185
2023-03-14,38.6451719462966
2023-03-15,37.739296495850645
2023-03-16,38.159008634967485
2023-03-17,38.88425275917518
2023-03-20,37.42702614964688
2023-03-21,35.9509172668354
2023-03-22,35.20919914117613
2023-03-23,34.93061243529552
2023-03-24,35.7817255664869
2023-03-27,36.69846398555939
2023-03-28,37.18699725804345
2023-03-29,37.06315780505299
2023-03-30,36.70051044488395
2023-03-31,36.28738120359553
2023-04-03,35.77230875322691
2023-04-04,36.988615490214066
2023-04-05,36.53123834779259
2023-04-06,36.15985811818462
2023-04-07,35.376959409921795
2023-04-10,35.14545854741353
2023-04-11,34.169539502583056
2023-04-12,34.61461519521513
2023-04-13,33.738919596869195
2023-04-14,35.613718669179825
2023-04-17,36.233985957512886
2023-04-18,35.96142684352204
2023-04-19,35.49183312846271
2023-04-20,35.16832733408352
2023-04-21,34.43489349478498
2023-04-24,35.1246439730749
2023-04-25,35.52007959577439
2023-04-26,34.829069984617234
2023-04-27,35.216526907738306
2023-04-28,35.40419532941502
2023-05-01,35.148177225019545
2023-05-02,36.49779359915229
2023-05-03,35.26709696219445
2023-05-04,35.49888019786146
2023-05-05,35.24378190885028
2023-05-08,36.15162859734549
2023-05-09,35.20608627129086
2023-05-10,34.88550544912924
2023-05-11,37.385881710364465
2023-05-12,38.612806665845525
2023-05-15,37.82675726157627
2023-05-16,37.80862021158698
2023-05-17,36.002839995464406
2023-05-18,34.40214538186691
2023-05-19,34.81651941462307
2023-05-22,35.34607724288048
2023-05-23,33.51645360477217
2023-05-24,33.37983653460422
2023-05-25,33.05413067294511
2023-05-26,33.658684510379814
2023-05-29,34.739320365598026
2023-05-30,35.41145510707876
2023-05-31,36.08268915084796
2023-06-01,37.56185115284
2023-06-02,38.96988691018843
2023-06-05,39.367876297246816
2023-06-06,39.983198162976656
2023-06-07,39.368961650723115
2023-06-08,41.41873380492705
2023-06-09,41.48610930549748
2023-06-12,41.552435304206206
2023-06-13,42.2164812858265
2023-06-14,41.11053048095976
2023-06-15,39.20047412356734
2023-06-16,40.44352872395185
2023-06-19,42.95693206676608
2023-06-20,42.578824588411216
2023-06-21,44.1912375998504
2023-06-22,44.78331514770959
2023-06-23,42.7275353118627
2023-06-26,43.37213036563213
2023-06-27,46.202405946652576
2023-06-28,46.84080160831006
2023-06-29,47.038711241542025
2023-06-30,47.58997918058655
2023-07-03,47.29245948295138
2023-07-04,48.258939240163
2023-07-05,48.43682180993737
2023-07-06,47.52399825908739
2023-07-07,46.315930322891944
2023-07-10,47.01727186109561
2023-07-11,48.48250668648686
2023-07-12,48.6541270317867
2023-07-13,49.51328487024354
2023-07-14,50.25367914606088
2023-07-17,50.447112519510775
2023-07-18,49.13225938248626
2023-07-19,47.80305373328171
2023-07-20,48.0877979885267
2023-07-21,49.36741078732549
2023-07-24,48.360921784379535
2023-07-25,46.756640421577536
2023-07-26,46.38014460657015
2023-07-27,46.3478353073356
2023-07-28,46.001969628459804
2023-07-31,45.02072327111028
2023-08-01,43.535558171420085
2023-08-02,44.997969993274985
2023-08-03,46.45769086990179
2023-08-04,46.64277992985996
2023-08-07,44.68877040674868
2023-08-08,45.48678350729438
2023-08-09,47.87622481627811
2023-08-10,46.214797526982174
2023-08-11,47.99935208527234
2023-08-14,47.99675601795684
2023-08-15,48.94505505943615
2023-08-16,49.619255349337685
2023-08-17,48.96131229471584
2023-08-18,49.61904262535823
2023-08-21,49.913553586240944
2023-08-22,49.75624606907965
2023-08-23,49.180953370016155
2023-08-24,48.45312529112305
2023-08-25,46.91709763778932
2023-08-28,46.96731876203848
2023-08-29,49.394137661412415
2023-08-30,50.97432509426001
2023-08-31,48.00915215295757
2023-09-01,47.10912018075881
2023-09-04,49.64741023788201
2023-09-05,50.96157899895944
2023-09-06,51.40546401834089
2023-09-07,53.92601758466678
2023-09-08,55.421357235951
2023-09-11,52.84760975311358
2023-09-12,56.642135826321876
2023-09-13,54.319967539188994
2023-09-14,55.95844662340599
2023-09-15,56.727725701385005
2023-09-18,53.4993022393961
2023-09-19,53.01587798425259
2023-09-20,51.533313592946556
2023-09-21,51.30562882398158
2023-09-22,51.11426902835137
2023-09-25,50.4629455694287
2023-09-26,50.0260410197222
2023-09-27,48.634736989971046
2023-09-28,50.575601506979694
2023-09-29,52.08272578301645
2023-10-02,52.45565932905281
2023-10-03,54.354384529872995
2023-10-04,52.83327262531712
2023-10-05,52.86128075307088
2023-10-06,51.96617324318619
2023-10-09,51.239968391829734
2023-10-10,51.62270272047452
2023-10-11,51.546203829394656
2023-10-12,51.84624881684791
2023-10-13,50.94631856520206
2023-10-16,51.16658878462306
2023-10-17,49.40934741154588
2023-10-18,50.34874653843494
2023-10-19,52.20809926217329
2023-10-20,52.816696561306834
2023-10-23,51.3803900185277
2023-10-24,50.28952067626843
2023-10-25,51.058032619076705
2023-10-26,49.79684014054127
2023-10-27,48.09480172091566
2023-10-30,47.37569329358122
2023-10-31,47.77445141019477
2023-11-01,48.30078969820531
2023-11-02,49.28750231617924
2023-11-03,50.50163807542936
2023-11-06,53.06963025767103
2023-11-07,53.42341073853682
2023-11-08,52.22068807260078
2023-11-09,54.8238828359832
2023-11-10,56.35686835657607
2023-11-13,55.25531269885104
2023-11-14,56.4577529226678
2023-11-15,56.03233367649229
2023-11-16,55.8720953929774
2023-11-17,54.42956584890011
2023-11-20,58.89420016013355
2023-11-21,55.71552731661369
2023-11-22,55.63290916813659
2023-11-23,54.864782296133335
2023-11-24,54.029424463545666
2023-11-27,51.59591176745709
2023-11-28,51.29872040225567
2023-11-29,52.01501524783799
2023-11-30,53.17166746799053
2023-12-01,53.896527208805324
2023-12-04,54.69384898211216
2023-12-05,54.73750829480879
2023-12-06,55.193302538785346
2023-12-07,54.3694553052221
2023-12-08,55.47459202683735
2023-12-11,57.833911336084164
2023-12-12,58.23694375318688
2023-12-13,57.784375595616474
2023-12-14,56.585773924113404
2023-12-15,56.078449441846466
2023-12-18,55.9444882760994
2023-12-19,59.739119958418996
2023-12-20,57.19719837685456
2023-12-21,55.320487794119586
2023-12-22,55.15573930273625
2023-12-25,56.221370496746324
2023-12-26,54.89755221423068
2023-12-27,55.31290562038291
2023-12-28,55.12445482114282
2023-12-29,58.21212342735416
2024-01-01,59.58430230126811
2024-01-02,60.46473887382944
2024-01-03,60.59620044222801
2024-01-04,59.9705695872375
2024-01-05,59.48013749078823
2024-01-08,57.92531969563703
2024-01-09,57.35762156775438
2024-01-10,59.440196103065055
2024-01-11,59.23843230435952
2024-01-12,60.1592926073875
2024-01-15,61.391011857378494
2024-01-16,62.60324133516019
2024-01-17,62.8981163717364
2024-01-18,63.889002044074125
2024-01-19,64.26939929057474
2024-01-22,63.255990073803765
2024-01-23,64.08029039007906
2024-01-24,68.63785505122601
2024-01-25,64.05430754087168
2024-01-26,64.20519147662185
2024-01-29,63.928053157655846
2024-01-30,65.44591373349792
2024-01-31,63.91120254176699
2024-02-01,63.17906013176004
2024-02-02,61.83122008031349
2024-02-05,62.67512696973945
2024-02-06,61.860344546616794
2024-02-07,64.57887431549706
2024-02-08,64.28401576348014
2024-02-09,63.89270582154879
2024-02-12,63.62527371225776
2024-02-13,66.75595166999047
2024-02-14,67.6974631753067
2024-02-15,67.23195544417374
2024-02-16,67.08750194489663
2024-02-19,69.6421296535925
2024-02-20,70.47353923024104
2024-02-21,67.86105432838463
2024-02-22,69.75146467017525
2024-02-23,68.29564760057418
2024-02-26,65.97160007989244
2024-02-27,67.98289133326674
2024-02-28,68.17684770621497
2024-02-29,66.45779606684854
2024-03-01,66.94995225553562
2024-03-04,67.46091676677284
2024-03-05,70.288047682578
2024-03-06,66.63438014310289
2024-03-07,67.13977746867374
2024-03-08,66.83014753729188
2024-03-11,70.1005732343663
2024-03-12,72.90901828319363
2024-03-13,73.42686151383022
2024-03-14,76.3226882705363
2024-03-15,73.02339403195005
2024-03-18,72.977249985422
2024-03-19,72.13964465410493
2024-03-20,73.10970400001275
2024-03-21,69.79936025925089
2024-03-22,69.10061882189792
2024-03-25,70.62950238418482
2024-03-26,67.7539779747997
2024-03-27,68.32083423668196
2024-03-28,70.31655014407141
2024-03-29,68.91498980661068
2024-04-01,69.6470636451732
2024-04-02,70.48346504997004
2024-04-03,66.80669341440289
2024-04-04,67.75049933743806
2024-04-05,66.52509170444175
2024-04-08,67.06939703840291
2024-04-09,64.88931936350146
2024-04-10,67.70292732886043
2024-04-11,68.56965164133595
2024-04-12,71.78365404396028
2024-04-15,73.73403258352953
2024-04-16,74.18273992167302
2024-04-17,74.61579442347072
2024-04-18,74.09809080272163
2024-04-19,71.09674652339166
2024-04-22,68.08732040914637
2024-04-23,70.36800827335892
2024-04-24,70.27178890303664
2024-04-25,69.78241291819742
2024-04-26,72.51207764877934
2024-04-29,74.75062042587219
2024-04-30,73.22803833652745
2024-05-01,78.3057274078761
2024-05-02,77.17024367524188
2024-05-03,75.23387068443024
2024-05-06,73.28242767496509
2024-05-07,76.61970475272413
2024-05-08,77.66904936176182
2024-05-09,77.19876634334766
2024-05-10,78.54319210225763
2024-05-13,81.39837596134385
2024-05-14,80.54710034987887
2024-05-15,78.8546444354677
2024-05-16,82.86509372905108
2024-05-17,80.79254155040088
2024-05-20,81.47755640093497
2024-05-21,79.90525584595554
2024-05-22,80.33864451920836
2024-05-23,76.19553479720878
2024-05-24,76.42977368049145
2024-05-27,77.81559408135334
2024-05-28,76.20170319636443
2024-05-29,75.67229777367484
2024-05-30,74.09738734190694
2024-05-31,74.70790392315652
2024-06-03,69.37723942542789
2024-06-04,68.38183607457054
2024-06-05,67.03774838118873
2024-06-06,66.8054123233747
2024-06-07,66.20974500838338
2024-06-10,64.9092686351383
2024-06-11,63.805215037469196
2024-06-12,65.28632454604441
2024-06-13,64.22850716556198
2024-06-14,62.77672698344816
2024-06-17,62.55073784726633
2024-06-18,64.60065137235162
2024-06-19,63.10706026137434
2024-06-20,63.68289055674061
2024-06-21,66.49338135178355
2024-06-24,64.73887528577144
2024-06-25,63.91872768041225
2024-06-26,64.24940427493755
2024-06-27,62.94535618238161
2024-06-28,62.41488218549665
2024-07-01,65.61311872930075
2024-07-02,66.88701519466782
2024-07-03,65.89451972733417
2024-07-04,63.85320645336459
2024-07-05,63.35700076749652
2024-07-08,61.306830983550405
2024-07-09,61.90096454618216
2024-07-10,64.73640214497841
2024-07-11,67.18110876051557
2024-07-12,69.42779308841659
2024-07-15,69.8755946476035
2024-07-16,71.73482113174784
2024-07-17,73.26772572220106
2024-07-18,73.86320018488232
2024-07-19,73.31283154417252
2024-07-22,70.50147941685114
2024-07-23,71.85495738848712
2024-07-24,72.53368940666705
2024-07-25,74.90745777019535
2024-07-26,74.2663898639939
2024-07-29,74.60061239601166
2024-07-30,75.53884198997257
2024-07-31,73.26868005831935
2024-08-01,77.41956512591997
2024-08-02,80.87968958574812
2024-08-05,81.84317896793816
2024-08-06,84.39644866714978
2024-08-07,83.84874034184271
2024-08-08,85.30456447775308
2024-08-09,86.64800578731379
2024-08-12,82.10130897110635
2024-08-13,84.43882539543625
2024-08-14,83.26978517609439
2024-08-15,80.60170495681437
2024-08-16,83.51824496250163
2024-08-19,81.12404903355389
2024-08-20,79.74332850929436
2024-08-21,79.63120876463402
2024-08-22,76.82623373195841
2024-08-23,77.30732318564202
2024-08-26,80.19067379191331
2024-08-27,79.00769521864046
2024-08-28,76.86770345596582
2024-08-29,76.26037605874801
2024-08-30,76.39178006264174
2024-09-02,76.12510362887136
2024-09-03,75.94849767932939
2024-09-04,77.67291805085019
2024-09-05,73.46344269178496
2024-09-06,75.648932366738
2024-09-09,76.51573205633827
2024-09-10,76.04364293459865
2024-09-11,77.99264138824107
2024-09-12,80.3377268939895
2024-09-13,80.84890880126162
2024-09-16,78.57413280939032
2024-09-17,79.63419124543864
2024-09-18,78.3204463340034
2024-09-19,77.75394283895226
2024-09-20,77.4213796162571
2024-09-23,75.20214369046612
2024-09-24,76.70879732401518
2024-09-25,75.44677561985458
2024-09-26,72.1673607412131
2024-09-27,74.3980660838851
2024-09-30,73.44909307898635
2024-10-01,73.17676258005119
2024-10-02,75.4591863454961
2024-10-03,75.7843718148902
2024-10-04,72.31154700595839
2024-10-07,72.96094452274446
2024-10-08,73.75918845400182
2024-10-09,74.71325974169476
2024-10-10,75.11058145143335
2024-10-11,75.35215637046947
2024-10-14,77.46572357605255
2024-10-15,78.1956919243721
2024-10-16,76.41407705975745
2024-10-17,74.79098555941049
2024-10-18,75.78698985946352
2024-10-21,78.44219389661117
2024-10-22,71.97486205492437
2024-10-23,75.29327917549858
2024-10-24,74.0827510953043
2024-10-25,73.17182138069296
2024-10-28,73.27436953803034
2024-10-29,74.25814638697726
2024-10-30,75.16189510350306
2024-10-31,73.30769543134623
2024-11-01,72.78493271675478
2024-11-04,70.83302393729655
2024-11-05,69.79879750297756
2024-11-06,66.67898387344908
2024-11-07,66.32233297973193
2024-11-08,65.82100719166762
2024-11-11,66.72942932266086
2024-11-12,64.67110360884833
2024-11-13,66.85332432451818
2024-11-14,68.74941482370109
2024-11-15,69.32385891945792
2024-11-18,64.87407738314563
2024-11-19,67.5788805735854
2024-11-20,64.88691736282709
2024-11-21,68.58436870206451
2024-11-22,65.14928845748602
2024-11-25,66.45790046540036
2024-11-26,71.27332065221896
2024-11-27,70.2406591849518
2024-11-28,72.1302539632853
2024-11-29,73.80460281380053
2024-12-02,75.79615994523908
2024-12-03,77.47198145022035
2024-12-04,75.8714268074977
2024-12-05,76.56532868270625
2024-12-06,77.20274926179762
2024-12-09,72.61540312074163
2024-12-10,69.41243739467859
2024-12-11,68.10705078422163
2024-12-12,67.30574143685328
2024-12-13,66.88201448121062
2024-12-16,65.31072126658015
2024-12-17,67.76725605650473
2024-12-18,69.28492283015473
2024-12-19,67.31629929694911
2024-12-20,67.41094160031857
2024-12-23,66.99333711423228
2024-12-24,68.0129970286228
2024-12-25,66.15916676203298
2024-12-26,69.25520439543071
2024-12-27,71.03335364170087
2024-12-30,72.32383770923535
2024-12-31,74.62186948506543
2025-01-01,72.24779205833906
2025-01-02,71.59167981851878
2025-01-03,71.98890229698267
2025-01-06,70.55154286094013
2025-01-07,71.90652379927789
2025-01-08,70.35482582052806
2025-01-09,68.71484039590727
2025-01-10,67.93610184679147
2025-01-13,67.64681007492486
2025-01-14,64.92165775620579
2025-01-15,65.9503245524192
2025-01-16,65.27530704111102
2025-01-17,64.84769499142591
2025-01-20,61.606879526740876
2025-01-21,60.96804415430847
2025-01-22,62.546172257739364
2025-01-23,59.7915763638954
2025-01-24,61.4886055762617
2025-01-27,63.68616931174683
2025-01-28,64.99120701557437
2025-01-29,64.6115599197677
2025-01-30,65.5389066205528
2025-01-31,64.26082922681383
2025-02-03,65.06082267830058
2025-02-04,66.60965288338085
2025-02-05,66.11495434467545
2025-02-06,68.67401341223054
2025-02-07,68.094319340738
2025-02-10,67.9525515502278
2025-02-11,67.06261506284078
2025-02-12,65.85594767656016
2025-02-13,66.85736368049632
2025-02-14,66.69544573144715
2025-02-17,69.46641842197222
2025-02-18,69.60573487020727
2025-02-19,69.58356742905892
2025-02-20,68.51907501968077
2025-02-21,68.79786473950878
2025-02-24,68.07612206803802
2025-02-25,67.9872318692635
2025-02-26,66.3965570176425
2025-02-27,68.3480571819176
2025-02-28,68.5110181672925
2025-03-03,67.27557866937686
2025-03-04,66.01640378370854
2025-03-05,64.39195604864305
2025-03-06,63.31073632111967
2025-03-07,59.677433041155275
2025-03-10,58.93038798621698
2025-03-11,58.76885211293221
2025-03-12,58.75409870633672
2025-03-13,59.48183471628853
2025-03-14,59.34995917580167
2025-03-17,59.708010259452784
2025-03-18,58.44518770348897
2025-03-19,59.38809096167059
2025-03-20,56.678100018375126
2025-03-21,57.76863946897463
2025-03-24,54.93632465027284
2025-03-25,53.087399566911714
2025-03-26,54.411058878304694
2025-03-27,52.15790679423876
2025-03-28,51.800716837252295
2025-03-31,49.43569733210246
2025-04-01,49.85822071038793
2025-04-02,47.678183564224476
2025-04-03,47.11667108450534
2025-04-04,46.99118713383937
2025-04-07,50.44370620996088
2025-04-08,50.624830764056135
2025-04-09,50.28202665205374
2025-04-10,47.59187992879751
2025-04-11,48.33802111044314
2025-04-14,48.689336537927495
2025-04-15,48.797553021367754
2025-04-16,50.16090090802244
2025-04-17,49.71015041219253
2025-04-18,48.862286147482756
2025-04-21,48.36443436391668
2025-04-22,48.35887272010136
2025-04-23,49.1913984167081
2025-04-24,49.8149000699291
2025-04-25,50.68158649102232
2025-04-28,51.5350243331263
2025-04-29,52.06011197593706
2025-04-30,52.061172928949304
2025-05-01,51.192227615662866
2025-05-02,53.31017976618719
2025-05-05,54.2110099162474
2025-05-06,55.89483843381686
2025-05-07,56.569929880478625
2025-05-08,55.97295037480163
2025-05-09,57.015412032507484
2025-05-12,57.45975825696845
2025-05-13,57.358117511355864
2025-05-14,57.839706423522095
2025-05-15,56.55997897583702
2025-05-16,56.494938987862206
2025-05-19,57.39577533701431
2025-05-20,57.90366643123231
2025-05-21,56.79103600097497
2025-05-22,57.269369363128575
2025-05-23,54.87917213241669
2025-05-26,52.06046871905162
2025-05-27,51.34170470803772
2025-05-28,51.56063013683732
2025-05-29,51.70557269463073
2025-05-30,52.34182556436515
2025-06-02,51.865830527665985
2025-06-03,50.279132659939236
2025-06-04,49.23007205738212
2025-06-05,51.891126808867625
2025-06-06,49.95669953472471
2025-06-09,50.45026628489997
2025-06-10,47.51611186339732
2025-06-11,44.94532011940682
2025-06-12,45.147757134040184
2025-06-13,43.85493344355996
2025-06-16,44.01616920129236
2025-06-17,45.04053202626657
2025-06-18,46.01130832537472
2025-06-19,46.48399184040106
2025-06-20,47.854427819491924
2025-06-23,46.574727068954566
2025-06-24,47.60841430955369
2025-06-25,46.156558438174415
2025-06-26,46.721675510266465
2025-06-27,47.94274792217662
2025-06-30,47.59768625272095
2025-07-01,49.025838835845796
2025-07-02,47.99547437565461
2025-07-03,48.72145823164449
2025-07-04,51.74727073022871
2025-07-07,52.17014771810738
2025-07-08,53.77050575401106
2025-07-09,53.472841655286814
2025-07-10,57.59598406545316
2025-07-11,58.36574028716269
2025-07-14,62.98114984181975
2025-07-15,63.258429456958964
2025-07-16,63.742452823525106
2025-07-17,64.44894919584314
2025-07-18,63.06505505052239
2025-07-21,60.577401867367136
2025-07-22,63.262991811869384
2025-07-23,63.63680045068042
2025-07-24,63.9175247047296
2025-07-25,64.75251922419443
2025-07-28,67.05639585745116
2025-07-29,68.32935672066607
2025-07-30,68.54701475843335
2025-07-31,69.34921309777478
2025-08-01,70.32724527853763
2025-08-04,68.19707918204563
2025-08-05,68.21037393358907
2025-08-06,67.44538806253126
2025-08-07,68.40231808745543
2025-08-08,68.80250125603294
2025-08-11,68.53477444190756
2025-08-12,68.66204688054505
2025-08-13,65.4446867188749
2025-08-14,64.19930321041295
2025-08-15,65.32636175904351
2025-08-18,63.2308763225391
2025-08-19,64.39235926651146
2025-08-20,67.45497530486682
2025-08-21,65.95027453466841
2025-08-22,64.96735467191947
2025-08-25,64.96279183672881
2025-08-26,66.19670665452564
2025-08-27,67.29285724476377
2025-08-28,64.85665481546914
2025-08-29,63.42320783774321
2025-09-01,64.28402538578155
2025-09-02,62.86325825904016
2025-09-03,61.51713933419848
2025-09-04,63.1707685805361
2025-09-05,64.55602672468144
2025-09-08,62.64839123215646
2025-09-09,62.34531003961635
2025-09-10,65.31438200676311
2025-09-11,68.73708519851341
2025-09-12,70.297208403095
2025-09-15,68.58913529356329
2025-09-16,66.74727352666255
2025-09-17,65.72822764849401
2025-09-18,64.72855393824842
2025-09-19,63.39770221941775
2025-09-22,66.69341032995871
2025-09-23,66.88720871992362
2025-09-24,67.79450449954732
2025-09-25,64.89856463102451
2025-09-26,64.90668650894506
2025-09-29,66.55338714697814
2025-09-30,66.69978347184056
2025-10-01,66.2123898312812
2025-10-02,70.0603037667924
2025-10-03,69.92433823826376
2025-10-06,69.55894185999215
2025-10-07,69.42229337458986
2025-10-08,67.70126976679208
2025-10-09,67.26804230023812
2025-10-10,70.27588135292407
2025-10-13,70.8601664531449
2025-10-14,75.20195165583975
2025-10-15,75.78922774167896
2025-10-16,73.64574288991783
2025-10-17,73.84436077352564
2025-10-20,77.76028571960532
2025-10-21,77.10304108828073
2025-10-22,78.09860558202917
2025-10-23,83.72488628897018
2025-10-24,83.23308850113483
2025-10-27,82.78953716732074
2025-10-28,83.38417301757748
2025-10-29,85.58349421393956
2025-10-30,84.06162636988223
2025-10-31,85.17442543276348
2025-11-03,84.70746938123979
2025-11-04,82.2851228062598
2025-11-05,80.64440345677333
2025-11-06,83.96463943961903
2025-11-07,84.99323874201583
2025-11-10,81.61015087029372
2025-11-11,82.63383663995211
2025-11-12,85.45303873018997
2025-11-13,84.8569405385351
2025-11-14,85.29675204705288
2025-11-17,88.48148606245248
2025-11-18,84.38737413656278
2025-11-19,83.41600291210426
2025-11-20,85.17558474946507
2025-11-21,83.7102895067421
2025-11-24,84.22341356713973
2025-11-25,82.15938412670437
2025-11-26,81.75368947240155
2025-11-27,79.09784773767565
2025-11-28,83.90944925058487
2025-12-01,84.08756913961143
2025-12-02,83.45823628129467
2025-12-03,87.71761147231696
2025-12-04,91.46616262075193
2025-12-05,91.34889713971734
2025-12-08,92.5510181468014
2025-12-09,89.61306631403426
2025-12-10,89.49920882241483
2025-12-11,90.58434182652924
2025-12-12,86.04566619736595
2025-12-15,87.45892752869578
2025-12-16,90.08744290615218
2025-12-17,90.12558072233311
2025-12-18,93.04246872297618
2025-12-19,94.48903586464563
2025-12-22,93.2819761152671
2025-12-23,94.1688191362385
2025-12-24,90.49021346709206
2025-12-25,91.9729911473222
2025-12-26,90.94702481554735
2025-12-29,90.75290759528197
2025-12-30,94.50187132914742
2025-12-31,94.51331743314711
2026-01-01,94.68319905726456
2026-01-02,98.00167383751824
2026-01-05,97.51085552371508
2026-01-06,95.6886280304546
2026-01-07,94.60130179915642
2026-01-08,93.80609509155413
2026-01-09,94.36242461052305
2026-01-12,92.91350747503617
2026-01-13,95.04721924949146
2026-01-14,95.82494308861678
2026-01-15,93.87167583593391
2026-01-16,101.49745864783087
2026-01-19,105.35013609936051
2026-01-20,108.59258302321359
2026-01-21,104.47191225220709
2026-01-22,105.67000407821257
2026-01-23,107.30985109829227
2026-01-26,111.78422820009199
2026-01-27,112.61380805084639
2026-01-28,113.02006172054482
2026-01-29,115.17306719972727
2026-01-30,118.37678819170804
2026-02-02,121.92956496577284
2026-02-03,126.89456877893147
2026-02-04,122.9629614645125
2026-02-05,119.15689842798459
2026-02-06,122.70287823808087
2026-02-09,123.84697862310092
2026-02-10,126.76120036654912
2026-02-11,122.01318322930054
2026-02-12,122.50128612677814
2026-02-13,115.64049837197649
2026-02-16,121.76629905393061
2026-02-17,120.82458115726389
2026-02-18,121.40537380293975
2026-02-19,120.22370167215868
2026-02-20,118.25008368103354
2026-02-23,121.59466370374241
2026-02-24,123.14613812334044
2026-02-25,119.65846849470178
2026-02-26,116.72191540054678
2026-02-27,110.35900685058881
2026-03-02,106.77349046485655
2026-03-03,111.79200821296259
2026-03-04,113.24774477262444
2026-03-05,115.64534332839075
2026-03-06,110.85207679917251
2026-03-09,110.6318874007732
2026-03-10,112.00692368920694
2026-03-11,109.61776883775389
2026-03-12,112.24153340039685
2026-03-13,113.77993082299994
2026-03-16,117.35936787809955
2026-03-17,115.10524976598239
2026-03-18,113.6433934087255
2026-03-19,111.23632344054914
2026-03-20,115.2491206952138
2026-03-23,115.01572551371056
2026-03-24,114.12206472157322
2026-03-25,114.75235049622195
2026-03-26,112.56613414667036
2026-03-27,109.75526339136175
2026-03-30,108.47215611584686
2026-03-31,111.44542968944654
2026-04-01,106.83740005647033
2026-04-02,107.37587994913086
2026-04-03,108.97720598121452
2026-04-06,105.56951636293557
2026-04-07,108.2384043838805
2026-04-08,107.01480569120851
2026-04-09,108.18730607933743
2026-04-10,105.09725968157724
2026-04-13,106.58921039370715
2026-04-14,103.1922369911505
2026-04-15,102.5290165432778
2026-04-16,104.80500058644266
2026-04-17,110.17825808931859
2026-04-20,113.53212952573179
2026-04-21,114.59516204574696
2026-04-22,116.63274917381204
2026-04-23,114.1895828454249
2026-04-24,110.05686567000087
2026-04-27,114.35750750068156
2026-04-28,110.02857440394436
2026-04-29,112.43664898704502
2026-04-30,112.0576437080247
2026-05-01,112.10343284584408
2026-05-04,108.00816698559971
2026-05-05,106.16096064187177
2026-05-06,101.28676050458098
2026-05-07,104.11124040043455
2026-05-08,99.18469951768547
2026-05-11,99.80374828028309
2026-05-12,100.5781578337972
2026-05-13,96.06274834776329
2026-05-14,96.14311620567086
2026-05-15,99.93770022020945
2026-05-18,96.72316207666756
2026-05-19,97.09755816778826
2026-05-20,99.32739016538241
2026-05-21,97.96980230995378
2026-05-22,93.55580061136963
2026-05-25,90.99748473873147
2026-05-26,94.41471262691924
2026-05-27,92.01103816211305
2026-05-28,90.46448256697698
2026-05-29,92.15908049380543
2026-06-01,93.47502664601728
2026-06-02,93.15393592257979
2026-06-03,91.5991839843801
2026-06-04,93.09018581298157
2026-06-05,92.00482348174435
2026-06-08,93.57019501995325
2026-06-09,94.75549528205192
2026-06-10,94.24275762788577
2026-06-11,98.26474908036627
2026-06-12,103.93622538165934
2026-06-15,104.41315541119359
2026-06-16,105.67548903458268
2026-06-17,104.40827051990391
2026-06-18,105.42246246780755
2026-06-19,100.15794622068755
2026-06-22,105.3886885408031
2026-06-23,106.80528862025173
2026-06-24,105.84525076230103
2026-06-25,99.10247785864466
2026-06-26,97.8197158208083
2026-06-29,95.35689718221276
2026-06-30,97.35354815940784
2026-07-01,95.0542723331468
2026-07-02,99.60867384470136
2026-07-03,99.81357640565373
2026-07-06,95.63370676210666
2026-07-07,93.38272009737076
2026-07-08,88.20048018878273
2026-07-09,86.73541129472589
2026-07-10,86.36471586758772
2026-07-13,86.89411734300137
2026-07-14,85.28049802035649
2026-07-15,84.59602522914257
2026-07-16,86.3723533960453
2026-07-17,82.44792988130867
2026-07-20,83.76046939129259
2026-07-21,81.83225267444361
2026-07-22,85.00155636356017
2026-07-23,86.43064808308073
2026-07-24,85.23148876242793
2026-07-27,88.67221583234802
2026-07-28,87.25684539625013
2026-07-29,85.60958352092227
2026-07-30,83.81370300636854
2026-07-31,82.7638035911592
2026-08-03,77.52746305896387
2026-08-04,77.10126289147078
2026-08-05,79.66022834339127
2026-08-06,79.74356704636354
2026-08-07,78.63588086052876
2026-08-10,77.87653477616401
2026-08-11,78.59629483095574
2026-08-12,79.68068379906579
2026-08-13,81.43429190667092
2026-08-14,82.05983949874255
2026-08-17,87.4251733400818
2026-08-18,85.19558094420529
2026-08-19,85.8674052931432
2026-08-20,81.07783628965957
2026-08-21,80.22270617043618
2026-08-24,80.6408253759077
2026-08-25,81.49006627071965
2026-08-26,82.63629485960865
2026-08-27,82.91808001354899
2026-08-28,83.4449448446326
2026-08-31,85.81692587898617
2026-09-01,84.87161979009026
2026-09-02,81.56697544833517
2026-09-03,83.73061829926424
2026-09-04,84.57926972628658
2026-09-07,87.17347349350291
2026-09-08,83.34971485482177
2026-09-09,86.35720060667742
2026-09-10,87.22640364121125
2026-09-11,86.40387895602618
2026-09-14,84.11739888072016
2026-09-15,82.36907151123636
2026-09-16,82.98606547226555
2026-09-17,80.80853564436093
2026-09-18,80.7031188875544
2026-09-21,82.56927585998078
2026-09-22,81.9125116148046
2026-09-23,81.14838516166883
2026-09-24,79.06969138334453
2026-09-25,76.51683590535066
2026-09-28,75.42068170308167
2026-09-29,76.81790574075758
2026-09-30,75.43698802553428
2026-10-01,75.75183330624637
2026-10-02,76.84717015735473
2026-10-05,78.67555397152799
2026-10-06,77.97198959068692
2026-10-07,82.42345706068555
2026-10-08,78.22559930876656
2026-10-09,79.12110110299793
2026-10-12,74.06734519973806
2026-10-13,73.1928083393999
2026-10-14,73.39836320035671
2026-10-15,72.06983919810699
2026-10-16,70.98288917232765
2026-10-19,68.34995351003242
2026-10-20,66.50157686948985
2026-10-21,68.55253428769832
2026-10-22,70.32358220684421
2026-10-23,68.53478333315408
2026-10-26,72.00680354416956
2026-10-27,70.78668854714843
2026-10-28,71.68206998636363
2026-10-29,71.65627553095118
2026-10-30,75.32445054853379
2026-11-02,73.45149313322065
2026-11-03,72.5090418830681
2026-11-04,71.67848012649989
2026-11-05,71.64176607006557
2026-11-06,70.99711784945657
2026-11-09,73.32070949337732
2026-11-10,75.32068276263483
2026-11-11,77.55815338891632
2026-11-12,72.70102532508545
2026-11-13,69.75011341357634
2026-11-16,70.29590758352278
2026-11-17,72.09689296770189
2026-11-18,70.01341376020171
2026-11-19,67.83662785649982
2026-11-20,64.55344584274248
2026-11-23,62.02053971190643
2026-11-24,63.26429264423262
2026-11-25,62.87657840943471
2026-11-26,64.64578248799411
2026-11-27,61.31412064349733
2026-11-30,60.46637654726948
2026-12-01,61.338410730950734
2026-12-02,63.813873448507685
2026-12-03,63.774305826396784
2026-12-04,63.96832324859112
2026-12-07,62.562910381980004
2026-12-08,64.40674732322839
2026-12-09,62.096746371556236
2026-12-10,64.30316930802296
2026-12-11,67.78918016576844
2026-12-14,64.96685626025688
2026-12-15,66.12733683167042
2026-12-16,69.23212624239864
2026-12-17,68.50330026564833
2026-12-18,68.63084950590766
2026-12-21,67.80335978315516
2026-12-22,68.29505710836753
2026-12-23,68.35955121482387
2026-12-24,69.40439864514674
2026-12-25,71.30735876932768
2026-12-28,73.45221416173624
2026-12-29,72.88339696776991
2026-12-30,71.64778999025955
2026-12-31,70.65663689538854
2027-01-01,70.27852911917515
2027-01-04,69.87357476716501
2027-01-05,70.91698178348388
2027-01-06,69.59107879253996
2027-01-07,70.65519190051421
2027-01-08,69.85786238028237
2027-01-11,68.33385605941434
2027-01-12,66.80843078230407
2027-01-13,66.95840276950936
2027-01-14,64.8349328387875
2027-01-15,66.50499854466844
2027-01-18,66.64701921782044
2027-01-19,66.64914378310108
2027-01-20,64.68928135590106
2027-01-21,66.87167059626859
2027-01-22,66.05703089351069
2027-01-25,65.46271960708387
2027-01-26,61.270100131455635
2027-01-27,59.38624562850224
2027-01-28,58.303628612849934
2027-01-29,56.141283547497494
2027-02-01,55.08071973762545
2027-02-02,55.88618216498865
2027-02-03,54.70874180769219
2027-02-04,52.764204426569215
2027-02-05,54.47155655460986
2027-02-08,54.65770000732152
2027-02-09,55.00533527140737
2027-02-10,54.48167510838867
2027-02-11,57.199990750075486
2027-02-12,57.710378764071315
2027-02-15,56.339439776486685
2027-02-16,51.00170483366035
2027-02-17,51.39110855715678
2027-02-18,49.58343454783006
2027-02-19,52.52452608843602
2027-02-22,53.28215767040235
2027-02-23,52.30632654460808
2027-02-24,54.96037746384252
2027-02-25,54.13448531750931
2027-02-26,57.12939289708525
2027-03-01,56.08337100797182
2027-03-02,56.916444140157886
2027-03-03,58.09756808615205
2027-03-04,59.07062746067538
2027-03-05,58.58426669998549
2027-03-08,60.29609086963136
2027-03-09,63.85079071165592
2027-03-10,62.185137179719895
2027-03-11,63.07555339451888
2027-03-12,61.281937922272284
2027-03-15,63.3279593610801
2027-03-16,62.33270412915071
2027-03-17,61.954240587711915
2027-03-18,61.50238424950888
2027-03-19,62.54628451409146
2027-03-22,62.23484925616397
2027-03-23,63.35176742032409
2027-03-24,62.557452176619606
2027-03-25,61.206276666868675
2027-03-26,62.87772035380325
2027-03-29,65.72933133281518
2027-03-30,69.61519830225264
2027-03-31,73.60504272851645
2027-04-01,74.08625087396712
2027-04-02,76.78226707883162
2027-04-05,76.14362619505924
2027-04-06,75.98001753549724
2027-04-07,74.95025563173002
2027-04-08,74.02603741063248
2027-04-09,73.66407131783326
2027-04-12,73.82985699021492
2027-04-13,74.05629504769642
2027-04-14,76.5631174204517
2027-04-15,80.28856881026299
2027-04-16,82.78847089112689
2027-04-19,84.42519823920445
2027-04-20,85.45868493995498
2027-04-21,83.48568733732785
2027-04-22,85.41253616174069
2027-04-23,87.25515320160481
2027-04-26,91.26855519715028
2027-04-27,92.19142001381499
2027-04-28,93.83634167272562
2027-04-29,94.55639061802385
2027-04-30,94.45114016857298
2027-05-03,95.26236443532163
2027-05-04,97.82780683323023
2027-05-05,94.41782852418733
2027-05-06,95.17873577413981
2027-05-07,93.43803327952392
2027-05-10,96.02199757545323
2027-05-11,92.60399730015305
2027-05-12,95.10663228710727
2027-05-13,97.02640593072235
2027-05-14,95.34508497807317
2027-05-17,90.7738837382581
2027-05-18,88.4083846617708
2027-05-19,89.5631923513946
2027-05-20,90.41727102426097
2027-05-21,87.97200874086883
2027-05-24,88.83707279214562
2027-05-25,91.70161318351417
2027-05-26,93.49477104540448
2027-05-27,95.02192243291691
2027-05-28,95.06608635315746
2027-05-31,96.36496223342796
2027-06-01,94.35777120795099
2027-06-02,93.2649056365582
2027-06-03,96.53265500149163
2027-06-04,100.2538064705026
2027-06-07,101.24818721936134
2027-06-08,98.44962883331802
2027-06-09,102.50897225284932
2027-06-10,101.43203591589226
2027-06-11,106.977686540978
2027-06-14,106.590989033253
2027-06-15,112.8750456067162
2027-06-16,111.59338007074281
2027-06-17,108.95168097067602
2027-06-18,112.55363875642063
2027-06-21,112.73803135417276
2027-06-22,107.96005405542391
2027-06-23,106.30324090064926
2027-06-24,107.8054743316493
2027-06-25,103.68535212540694
2027-06-28,99.45308314105439
2027-06-29,96.85642686401555
2027-06-30,95.74359862567805
2027-07-01,99.10745956406616
2027-07-02,96.9446088902253
2027-07-05,100.77903335970575
2027-07-06,100.48841662955662
2027-07-07,97.91442658495045
2027-07-08,92.98920080980092
2027-07-09,94.78468843127479
2027-07-12,95.54802103588614
2027-07-13,92.75482372562433
2027-07-14,95.45902866785056
2027-07-15,92.69768523023355
2027-07-16,89.99620955219628
2027-07-19,89.53827986543622
2027-07-20,87.36904480054899
2027-07-21,88.57636238003754
2027-07-22,86.88552829799927
2027-07-23,89.65573368543035
2027-07-26,89.9804638166651
2027-07-27,88.3748257188467
2027-07-28,89.73837215981469
2027-07-29,88.95455730456696
2027-07-30,83.58186420023392
2027-08-02,85.16861948605978
2027-08-03,85.45229175042223
2027-08-04,82.807864860178
2027-08-05,83.27438092529101
2027-08-06,82.68029616832779
2027-08-09,83.76061498049546
2027-08-10,84.11593297384603
2027-08-11,79.01866248372603
2027-08-12,80.42769276973611
2027-08-13,79.61207212654776
2027-08-16,78.73495453343568
2027-08-17,76.8983367576954
2027-08-18,76.29118060240121
2027-08-19,72.76670545037267
2027-08-20,67.5010982267049
2027-08-23,68.05925137232599
2027-08-24,67.34308186865431
2027-08-25,64.37729817613135
2027-08-26,67.54519717882445
2027-08-27,70.7922980413869
2027-08-30,74.72819609207282
2027-08-31,79.0807972733706
2027-09-01,75.51273740768934
2027-09-02,77.24299620870029
2027-09-03,76.92847970125987
2027-09-06,79.39457290580276
2027-09-07,85.57942058892556
2027-09-08,86.24320891268972
2027-09-09,86.96065692241758
2027-09-10,89.04414879369182
2027-09-13,89.49982427583704
2027-09-14,90.11691072220795
2027-09-15,91.31688737251412
2027-09-16,87.00777935350966
2027-09-17,90.77754977365665
2027-09-20,92.51745403770785
2027-09-21,94.4987792264788
2027-09-22,89.99998908493468
2027-09-23,88.7536298688033
2027-09-24,93.18929608467123
2027-09-27,94.44646914531955
2027-09-28,93.18911180156104
2027-09-29,93.56598912200161
2027-09-30,92.45310342200848
2027-10-01,96.14917124329904
2027-10-04,93.95769088124429
2027-10-05,90.35910369708225
2027-10-06,90.27119068726364
2027-10-07,91.83459830187857
2027-10-08,90.51286824355559
2027-10-11,92.7498867300473
2027-10-12,88.88110687543819
2027-10-13,86.72593003853737
2027-10-14,84.8032150490171
2027-10-15,86.70217109592876
2027-10-18,89.31338475429044
2027-10-19,88.60884073824113
2027-10-20,90.687330146046
2027-10-21,89.68571811582281
2027-10-22,93.39682631805927
2027-10-25,94.32547468316812
2027-10-26,96.44670901002716
2027-10-27,97.51770873341617
2027-10-28,96.2394775599787
2027-10-29,93.17893854075837
2027-11-01,90.04775571609103
2027-11-02,87.88961874158967
2027-11-03,85.43659825755165
2027-11-04,87.00962370848863
2027-11-05,87.0579510652855
2027-11-08,84.79940436166882
2027-11-09,83.7508578799235
2027-11-10,83.9333167560803
2027-11-11,87.70807707641033
2027-11-12,84.0471894152412
2027-11-15,83.97780435760046
2027-11-16,83.77958581588096
2027-11-17,84.02786276718297
2027-11-18,81.91060189036227
2027-11-19,79.39998528110213
2027-11-22,76.21985348359541
2027-11-23,77.6767169104394
2027-11-24,79.12835147743809
2027-11-25,80.4222364730789
2027-11-26,78.24958510914006
2027-11-29,78.15415878455455
2027-11-30,78.94938246585968
2027-12-01,79.52872674516792
2027-12-02,79.98859141893188
2027-12-03,77.04363246396261
2027-12-06,77.44213186040456
2027-12-07,77.34100590198805
2027-12-08,75.51416145685103
2027-12-09,73.4395778520135
2027-12-10,72.54076598083887
2027-12-13,76.866476053254
2027-12-14,76.10178070403634
2027-12-15,76.9795954568948
2027-12-16,76.47422826145004
2027-12-17,76.6662024437522
2027-12-20,74.77736694430367
2027-12-21,73.96886901026103
2027-12-22,75.17956244870248
2027-12-23,74.8816742750177
2027-12-24,76.34629484947143
2027-12-27,76.7652117779197
2027-12-28,77.46424706283966
2027-12-29,75.81309171661142
2027-12-30,79.00508549870081
2027-12-31,80.50080079549893
2028-01-03,80.54178743062424
2028-01-04,80.33496607650855
2028-01-05,76.7219753526301
2028-01-06,76.39062776115227
2028-01-07,78.3844842113649
2028-01-10,79.13148889498436
2028-01-11,74.70832277545297
2028-01-12,75.53010792081241
2028-01-13,74.57586368073741
2028-01-14,73.27899536801975
2028-01-17,78.2561333501387
2028-01-18,76.79379353087484
2028-01-19,82.72766669362302
2028-01-20,82.7318845118187
2028-01-21,85.37975996771515
2028-01-24,85.39272130883651
2028-01-25,85.8497601798774
2028-01-26,88.36303194935155
2028-01-27,89.1494717136964
2028-01-28,88.27582476663886
2028-01-31,87.68673109405
2028-02-01,83.64999909821506
2028-02-02,83.85254020501753
2028-02-03,88.64557042995
2028-02-04,87.79399645167577
2028-02-07,90.55223033799584
2028-02-08,85.81406054013968
2028-02-09,85.06185186213105
2028-02-10,87.70258033904922
2028-02-11,88.68177910485117
2028-02-14,93.01270450763992
2028-02-15,89.62333822793154
2028-02-16,86.1692334329907
2028-02-17,89.7625922183903
2028-02-18,90.5858232845247
2028-02-21,91.34434734843879
2028-02-22,89.43836974101788
2028-02-23,88.18851853853793
2028-02-24,85.48213785562712
2028-02-25,85.5403882282291
2028-02-28,84.29996664828812
2028-02-29,85.22952048326839
2028-03-01,85.85254024383474
2028-03-02,83.68636662029124
2028-03-03,82.09800916435611
2028-03-06,81.85724866297555
2028-03-07,82.26451880590598
2028-03-08,84.08728664582411
2028-03-09,84.57906111697746
2028-03-10,88.19436625410061
2028-03-13,92.93550087882156
2028-03-14,94.87482665332219
2028-03-15,94.63307468772011
2028-03-16,90.33506190251553
2028-03-17,86.89274353194494
2028-03-20,88.43719311323409
2028-03-21,89.25666529195331
2028-03-22,85.29438916021077
2028-03-23,84.2966643486825
2028-03-24,87.66200326012137
2028-03-27,85.69207917926568
2028-03-28,87.89920571704111
2028-03-29,90.5569419611011
2028-03-30,92.27671003869371
2028-03-31,94.04231990373594
2028-04-03,98.220480040098
2028-04-04,99.14984642482116
2028-04-05,99.77033682240337
2028-04-06,100.636740479545
2028-04-07,98.84943869033418
2028-04-10,99.01527138275895
2028-04-11,100.99189215135488
2028-04-12,100.59645864445761
2028-04-13,100.50540175419206
2028-04-14,97.84172778309053
2028-04-17,98.90880053274957
2028-04-18,99.64259722437738
2028-04-19,95.35260496658813
2028-04-20,94.22429831906292
2028-04-21,92.07098917188385
2028-04-24,91.17302167826632
2028-04-25,94.74703558787886
2028-04-26,100.0570614967964
2028-04-27,97.27332695741656
2028-04-28,91.58187251380213
2028-05-01,92.99292053874372
2028-05-02,93.95849059242177
2028-05-03,96.5004750702312
2028-05-04,101.57050572378579
2028-05-05,103.18917072789294
2028-05-08,101.35842279431526
2028-05-09,100.75284549359425
2028-05-10,98.51571853247903
2028-05-11,98.07072840482766
2028-05-12,96.36006063315907
2028-05-15,96.2926805598621
2028-05-16,97.42691926943785
2028-05-17,98.82207091860754
2028-05-18,103.63823949783864
2028-05-19,106.32501335876637
2028-05-22,102.88595879824192
2028-05-23,107.75366410758889
2028-05-24,107.25284365545753
2028-05-25,106.44344725583485
2028-05-26,107.94281600729947
2028-05-29,109.74035187517258
2028-05-30,112.58207756426432
2028-05-31,111.42467617691419
2028-06-01,109.04629830750817
2028-06-02,108.26941670693418
2028-06-05,106.65448908540994
2028-06-06,109.68816199652888
2028-06-07,105.67360960788507
2028-06-08,103.33446151286182
2028-06-09,105.28110187649
2028-06-12,104.79296020969528
2028-06-13,105.17166757729228
2028-06-14,102.84899930937544
2028-06-15,104.51171582462213
2028-06-16,109.09936053965305
2028-06-19,107.82416403383101
2028-06-20,108.28510228562506
2028-06-21,110.70836792150367
2028-06-22,107.32149375015842
2028-06-23,102.9149528685031
2028-06-26,105.97083945238761
2028-06-27,105.35981741392114
2028-06-28,105.17527747019258
2028-06-29,111.65333247652767
2028-06-30,111.1155999436975
2028-07-03,111.90147669061322
2028-07-04,108.40962551391515
2028-07-05,108.72825837521928
2028-07-06,112.21645741178386
2028-07-07,109.78849700088243
2028-07-10,115.83292109322089
2028-07-11,118.12496481749234
2028-07-12,115.11574617048807
2028-07-13,116.70621991865569
2028-07-14,112.68617079860718
2028-07-17,108.49119765735547
2028-07-18,112.59598940110715
2028-07-19,116.44406986787021
2028-07-20,111.130044591474
2028-07-21,107.56217826464477
2028-07-24,109.83439968270059
2028-07-25,106.83999048778458
2028-07-26,106.01347835998293
2028-07-27,103.96209629922689
2028-07-28,99.89791897012287
2028-07-31,97.17217756492235
2028-08-01,97.67705031289627
2028-08-02,100.42051763099448
2028-08-03,103.2356394855851
2028-08-04,104.95568123920678
2028-08-07,105.99950431134624
2028-08-08,105.03449273096024
2028-08-09,102.41932807952199
2028-08-10,101.83228960943967
2028-08-11,103.54819473128428
2028-08-14,99.88017146010885
2028-08-15,101.08456595739229
2028-08-16,107.70729270227442
2028-08-17,111.25316156233048
2028-08-18,115.39045180665835
2028-08-21,115.45961694648526
2028-08-22,112.90340843096533
2028-08-23,110.76544184956093
2028-08-24,113.19949852993136
2028-08-25,115.44679024593205
2028-08-28,116.44048368478639
2028-08-29,117.1612256271433
2028-08-30,116.52467317268213
2028-08-31,116.87341419261263
2028-09-01,113.45078613051129
2028-09-04,108.88301112402523
2028-09-05,112.11748625751709
2028-09-06,112.46711158982022
2028-09-07,111.01394120623068
2028-09-08,110.00401091653751
2028-09-11,108.13433136676974
2028-09-12,107.5345046699285
2028-09-13,107.380075891684
2028-09-14,108.68851054576201
2028-09-15,114.27714454684913
2028-09-18,112.48237621520472
2028-09-19,112.6003588998567
2028-09-20,111.34616915985438
2028-09-21,106.51595408059909
2028-09-22,104.61101721551013
2028-09-25,104.86890498235469
2028-09-26,107.2299452472536
2028-09-27,108.07587939015258
2028-09-28,109.66099752576088
2028-09-29,111.90993927772269
2028-10-02,109.83191626412582
2028-10-03,108.11462228535113
2028-10-04,103.8704613562662
2028-10-05,105.56114297898846
2028-10-06,103.58172654620003
2028-10-09,105.6335570235017
2028-10-10,107.41822732294426
2028-10-11,108.2267157557842
2028-10-12,108.18025923881075
2028-10-13,107.43187068430309
2028-10-16,106.90780754889872
2028-10-17,103.25691106454475
2028-10-18,105.14425756529253
2028-10-19,106.55010829705365
2028-10-20,106.44406721633875
2028-10-23,106.17740245383605
2028-10-24,105.84014516089034
2028-10-25,103.5754512031882
2028-10-26,103.35298386841356
2028-10-27,97.98416598658777
2028-10-30,100.9078713109617
2028-10-31,101.36575188489941
2028-11-01,100.0088352087824
2028-11-02,101.10679527170377
2028-11-03,97.56135981640402
2028-11-06,97.51184571946227
2028-11-07,96.36491213038276
2028-11-08,96.35719095452271
2028-11-09,96.24494495818139
2028-11-10,97.88270326533384
2028-11-13,96.01878125036713
2028-11-14,98.10718039675234
2028-11-15,94.92980224166864
2028-11-16,99.13145375149023
2028-11-17,97.44736150603379
2028-11-20,101.09573155939188
2028-11-21,100.41355542285942
2028-11-22,107.81121961257038
2028-11-23,105.24260562931674
2028-11-24,104.68457981420954
2028-11-27,101.64298002699506
2028-11-28,105.3086204960326
2028-11-29,109.88185012587103
2028-11-30,109.93383735932348
2028-12-01,109.14378918156127
2028-12-04,105.39339734764458
2028-12-05,106.80653012558469
2028-12-06,106.54099271259315
2028-12-07,102.5095295294561
2028-12-08,104.23727497556706
2028-12-11,102.24566702314974
2028-12-12,102.6592597365462
2028-12-13,104.82992557186235
2028-12-14,104.05860528504684
2028-12-15,103.3479442704039
2028-12-18,101.65579044391743
2028-12-19,98.9221604016308
2028-12-20,96.4156761213816
2028-12-21,97.27512766147558
2028-12-22,93.919334366178
2028-12-25,95.96996284139136
2028-12-26,98.52686241509579
2028-12-27,102.54433507516939
2028-12-28,102.44284000129021
2028-12-29,99.40396236882805
2029-01-01,99.9074511040466
2029-01-02,97.58638204238015
2029-01-03,97.4595872790361
2029-01-04,100.91289513946003
2029-01-05,98.62779200798593
2029-01-08,97.10187279454614
2029-01-09,93.770926398734
2029-01-10,91.3681044697452
2029-01-11,92.37281219338297
2029-01-12,91.06719970243613
2029-01-15,90.81144225890839
2029-01-16,84.5146076977907
2029-01-17,82.81239604579272
2029-01-18,80.32303966951646
2029-01-19,80.40870450620335
2029-01-22,82.32455334489696
2029-01-23,82.09733444244453
2029-01-24,78.67319835202224
2029-01-25,81.16666223481708
2029-01-26,83.11516241681967
2029-01-29,81.89071500905884
2029-01-30,83.54956868971914
2029-01-31,86.13624148479751
2029-02-01,84.62210153342288
2029-02-02,84.32820103413557
2029-02-05,80.95779144629084
2029-02-06,81.23462538442801
2029-02-07,83.01713637764252
2029-02-08,80.74003670001152
2029-02-09,81.43432874813654
2029-02-12,82.38043623066979
2029-02-13,84.89438564054494
2029-02-14,85.91529290294912
2029-02-15,88.37258017540069
2029-02-16,86.53597831468726
2029-02-19,88.62468048414263
2029-02-20,91.52225829626038
2029-02-21,88.5195996502101
2029-02-22,89.02112869105214
2029-02-23,87.44907170557113
2029-02-26,92.39497649950273
2029-02-27,91.6183508419708
2029-02-28,96.30374167348143
2029-03-01,95.3056314881913
2029-03-02,100.20794140728889
2029-03-05,93.28152407949274
2029-03-06,91.82514453748112
2029-03-07,97.03622642721001
2029-03-08,97.86987809726875
2029-03-09,97.86742809319217
2029-03-12,98.99082319995156
2029-03-13,98.92014392763984
2029-03-14,103.72766898750339
2029-03-15,102.23537166252359
2029-03-16,106.41468380699506
2029-03-19,108.1505046422589
2029-03-20,109.58087424333384
2029-03-21,105.65374686960676
2029-03-22,104.76401415051639
2029-03-23,103.35202206579883
2029-03-26,102.51797494500767
2029-03-27,99.44680666456107
2029-03-28,97.84994799981888
2029-03-29,98.23052616543347
2029-03-30,100.29228644837032
2029-04-02,100.12628642302157
2029-04-03,99.19669036155958
2029-04-04,97.36631528209018
2029-04-05,95.79998707790159
2029-04-06,93.78954904986678
2029-04-09,98.42557515967233
2029-04-10,100.0088247862459
2029-04-11,96.79105046396283
2029-04-12,98.66052407154125
2029-04-13,96.83409102313078
2029-04-16,93.42206863286306
2029-04-17,99.15314602925336
2029-04-18,100.13345902368854
2029-04-19,105.25318767897208
2029-04-20,103.50550852698036
2029-04-23,98.57190478905206
2029-04-24,95.58392365992766
2029-04-25,95.23443562556481
2029-04-26,96.86700399091025
2029-04-27,99.42337731763804
2029-04-30,100.63436490945413
2029-05-01,99.99788434493004
2029-05-02,99.81554391552113
2029-05-03,91.05976447158594
2029-05-04,93.83452534215418
2029-05-07,95.89565497397133
2029-05-08,98.90672511919239
2029-05-09,99.88182980306901
2029-05-10,96.25124490682235
2029-05-11,97.99049991797078
2029-05-14,96.56327990023351
2029-05-15,97.33839468560168
2029-05-16,96.2195174048276
2029-05-17,99.03627682429267
2029-05-18,100.48493734870925
2029-05-21,103.20258672388184
2029-05-22,108.5607466185984
2029-05-23,106.03713137351681
2029-05-24,107.71368531289798
2029-05-25,110.75788487101445
2029-05-28,108.00590446743799
2029-05-29,110.10905066647325
2029-05-30,109.75644881707368
2029-05-31,110.05268478377064
2029-06-01,107.37610336257978
2029-06-04,110.68206473883052
2029-06-05,107.71711806202323
2029-06-06,102.86494740827578
2029-06-07,98.11441867224316
2029-06-08,95.56027601816082
2029-06-11,94.66876175537446
2029-06-12,95.5369568113157
2029-06-13,98.82799559934291
2029-06-14,97.35731420053676
2029-06-15,92.6752448719672
2029-06-18,93.36247895981226
2029-06-19,92.47938261403068
2029-06-20,90.910197290645
2029-06-21,89.56553290459296
2029-06-22,89.74538399593497
2029-06-25,85.03073821946016
2029-06-26,87.4483253791102
2029-06-27,88.01031653639525
2029-06-28,86.64116947187519
2029-06-29,84.2431906637454
2029-07-02,84.28224645780872
2029-07-03,84.05754243480119
2029-07-04,83.8410210979109
2029-07-05,85.10854137106217
2029-07-06,85.15704766139068
2029-07-09,86.73160446913762
2029-07-10,88.16549040362275
2029-07-11,87.9125750969999
2029-07-12,84.44747413986154
2029-07-13,87.93228039710542
2029-07-16,92.20830993982611
2029-07-17,88.77372858019248
2029-07-18,89.15166103783736
2029-07-19,91.36774215465803
2029-07-20,90.68927868350457
2029-07-23,88.27528144964778
2029-07-24,88.68458238530975
2029-07-25,86.73648414115927
2029-07-26,91.18262715082167
2029-07-27,91.03894949644791
2029-07-30,92.59529944493039
2029-07-31,88.89154499404016
2029-08-01,87.49239412328006
2029-08-02,88.71255861453119
2029-08-03,93.1681243917137
2029-08-06,92.12825407991174
2029-08-07,89.26009195752921
2029-08-08,91.0385311197424
2029-08-09,86.79740260542806
2029-08-10,86.88371797847536
2029-08-13,86.97748459388535
2029-08-14,90.60729095065903
2029-08-15,89.9443073602084
2029-08-16,90.49394446985521
2029-08-17,91.8924722615072
2029-08-20,87.22996902109745
2029-08-21,89.85611023381544
2029-08-22,86.79915435237797
2029-08-23,88.85447041251848
2029-08-24,86.79460851656353
2029-08-27,83.75302709370848
2029-08-28,79.43693349038456
2029-08-29,75.9184585446198
2029-08-30,75.82199997558477
2029-08-31,76.60160563940971
2029-09-03,74.4092953062801
2029-09-04,78.61361417519343
2029-09-05,76.42831912644206
2029-09-06,74.80680535870025
2029-09-07,74.29398707228206
2029-09-10,77.3223186945137
2029-09-11,75.88663898877397
2029-09-12,76.39506821241012
2029-09-13,76.46523968727637
2029-09-14,77.86521790561356
2029-09-17,76.46379599941194
2029-09-18,75.56635179140807
2029-09-19,75.47039583598718
2029-09-20,77.97927103124891
2029-09-21,77.56665506803547
2029-09-24,77.10481605905791
2029-09-25,76.4771131782145
2029-09-26,75.05044604972696
2029-09-27,76.98490004455331
2029-09-28,77.39182161676301
2029-10-01,74.28132004130048
2029-10-02,74.08374588687916
2029-10-03,74.31115892155215
2029-10-04,78.36151358585217
2029-10-05,80.34528706498098
2029-10-08,80.78559137400082
2029-10-09,79.53067370891203
2029-10-10,81.11642801297351
2029-10-11,78.677085999373
2029-10-12,78.13195578918567
2029-10-15,77.21826132327021
2029-10-16,79.3294656735996
2029-10-17,81.5635470096578
2029-10-18,81.1721461220009
2029-10-19,82.05364869220155
2029-10-22,82.05121046141679
2029-10-23,78.83953682185985
2029-10-24,81.74399348737096
2029-10-25,85.02529059853575
2029-10-26,85.63338574529212
2029-10-29,84.4776167457597
2029-10-30,85.08515246204018
2029-10-31,84.68061869982857
2029-11-01,83.22041736980766
2029-11-02,82.10736802982086
2029-11-05,85.57060218572356
2029-11-06,84.06654482952511
2029-11-07,85.99822983927861
2029-11-08,86.97372179341824
2029-11-09,84.86448943180356
2029-11-12,82.78587181607328
2029-11-13,83.18047297087357
2029-11-14,81.38172417649265
2029-11-15,77.11248016370382
2029-11-16,76.36876278374422
2029-11-19,78.16535332819909
2029-11-20,76.35568137493777
2029-11-21,77.35826956454481
2029-11-22,77.93309019077932
2029-11-23,78.1303971228228
2029-11-26,76.0210278253617
2029-11-27,77.14240395037909
2029-11-28,79.34798566096138
2029-11-29,79.40563975037182
2029-11-30,80.83256887235686
2029-12-03,78.69004973210524
2029-12-04,82.4848328979022
2029-12-05,82.73673665974943
2029-12-06,82.50335262938826
2029-12-07,82.71881830239751
2029-12-10,81.56235657810434
2029-12-11,82.22322842366464
2029-12-12,83.22153703261213
2029-12-13,84.63403344691982
2029-12-14,83.72516082349372
2029-12-17,88.13140197697219
2029-12-18,85.93791526612198
2029-12-19,87.2848268117101
2029-12-20,88.32300007814786
2029-12-21,87.4731858082977
2029-12-24,81.66684577646475
2029-12-25,79.48522035433251
2029-12-26,81.62724341762224
2029-12-27,81.9970258256121
2029-12-28,82.13968618474273
2029-12-31,81.07400633894186
2030-01-01,80.7330828428298
2030-01-02,82.50399900396671
2030-01-03,78.69906045835357
2030-01-04,79.6729568485362
2030-01-07,74.29301725296858
2030-01-08,74.93376290111034
2030-01-09,73.28759418458434
2030-01-10,69.66248180253216
2030-01-11,71.78752012097635
2030-01-14,70.23134269881963
2030-01-15,72.30226766856185
2030-01-16,71.58319635202344
2030-01-17,72.23254673376066
2030-01-18,70.53737203089784
2030-01-21,68.80583391305139
2030-01-22,70.7026223171959
2030-01-23,69.03154367624413
2030-01-24,71.11612761219574
2030-01-25,72.76805542689141
2030-01-28,74.95677409629269
2030-01-29,76.17287315926521
2030-01-30,78.41254225249367
2030-01-31,76.28198027397414
2030-02-01,75.53017141143208
2030-02-04,73.62715258241
2030-02-05,71.83064999502487
2030-02-06,74.05478918067776
2030-02-07,70.33961627160703
2030-02-08,72.28756433571583
2030-02-11,72.7138729788768
2030-02-12,76.27619757104432
2030-02-13,77.82465946932298
2030-02-14,78.80280499041521
2030-02-15,76.39827060636844
2030-02-18,73.02652131667432
2030-02-19,74.73569983510303
2030-02-20,75.4958218269392
2030-02-21,72.24107542365543
2030-02-22,75.66473176209982
2030-02-25,73.19373974801304
2030-02-26,72.70138650237651
2030-02-27,71.28939480206323
2030-02-28,71.8864001901526
2030-03-01,70.06216943599553
2030-03-04,70.07090632369056
2030-03-05,70.78021050427208
2030-03-06,72.748605400916
2030-03-07,72.69693993312701
2030-03-08,74.20474633090384
2030-03-11,75.6756933299477
2030-03-12,78.89836295974185
2030-03-13,79.03107392723308
2030-03-14,79.24211881877414
2030-03-15,76.9227404193376
2030-03-18,76.55650577450774
2030-03-19,77.52114480297573
2030-03-20,77.50900181615998
2030-03-21,78.7749933054694
2030-03-22,77.62363080716167
2030-03-25,79.51159244608027
2030-03-26,81.0510805230131
2030-03-27,81.36946748919169
2030-03-28,83.41895330372675
2030-03-29,87.57530493265567
2030-04-01,87.30906090118992
2030-04-02,89.27001878226967
2030-04-03,94.03669374559418
2030-04-04,92.24425519330622
2030-04-05,91.06972221289014
2030-04-08,91.77568139029371
2030-04-09,96.36668255998507
2030-04-10,101.19099524652995
2030-04-11,101.15672488509988
2030-04-12,101.55975227257133
2030-04-15,103.03939195003232
2030-04-16,99.52459605283475
2030-04-17,99.63821789916382
2030-04-18,103.66853711733981
2030-04-19,106.64852460656333
2030-04-22,104.79828634120888
2030-04-23,99.37262471599983
2030-04-24,98.0869270224205
2030-04-25,99.95531712849724
2030-04-26,101.10379524622056
2030-04-29,98.78592422543065
2030-04-30,96.25747123082911
2030-05-01,101.11247286870847
2030-05-02,102.76869059866829
2030-05-03,102.27411971570257
2030-05-06,105.44457808886486
2030-05-07,104.13587017827908
2030-05-08,109.09992259568246
2030-05-09,112.72824413347504
2030-05-10,110.93057152217658
2030-05-13,113.28774998211654
2030-05-14,116.8512845841542
2030-05-15,116.41219171660579
2030-05-16,118.29250155623653
2030-05-17,119.78973303950032
2030-05-20,121.32270013952652
2030-05-21,124.03190141146882
2030-05-22,126.71238745478176
2030-05-23,127.40267872903081
2030-05-24,124.17719492613477
2030-05-27,123.97333000898178
2030-05-28,120.67295293196645
2030-05-29,124.44772205160152
2030-05-30,127.01510779088524
2030-05-31,126.70912354868128
2030-06-03,124.71664817157026
2030-06-04,123.65473760797559
2030-06-05,122.37420145869507
2030-06-06,124.64529146689239
2030-06-07,127.6978092854243
2030-06-10,125.12448339659844
2030-06-11,127.8346192288315
2030-06-12,127.74589383097067
2030-06-13,128.8835427871033
2030-06-14,123.92410533407391
2030-06-17,119.4017735784843
2030-06-18,121.41926356275789
2030-06-19,124.72842519142154
2030-06-20,124.05135918820419
2030-06-21,120.94549552693049
2030-06-24,127.16388170739695
2030-06-25,125.72463802809234
2030-06-26,126.46169659358647
2030-06-27,120.97239837430664
2030-06-28,122.37815257856457
2030-07-01,121.33818296015282
2030-07-02,121.73935946517979
2030-07-03,122.16286729285716
2030-07-04,115.47945208637884
2030-07-05,115.0411819131686
2030-07-08,121.69566896047868
2030-07-09,120.72348940088875
2030-07-10,123.14404751117172
2030-07-11,123.4156063290665
2030-07-12,122.69065982454747
2030-07-15,122.19958953650197
2030-07-16,122.98191445391427
2030-07-17,128.66860427615765
2030-07-18,125.6435338191834
2030-07-19,126.09955887863214
2030-07-22,126.77640632676798
2030-07-23,132.40703636296104
2030-07-24,133.08270250149147
2030-07-25,131.69987143229446
2030-07-26,129.04761765370418
2030-07-29,126.14961111027496
2030-07-30,123.74588179430076
2030-07-31,128.97091145458333
2030-08-01,131.8880457230964
2030-08-02,129.5996163846429
2030-08-05,132.8618023701623
2030-08-06,128.74294014129785
2030-08-07,129.2098004305191
2030-08-08,125.3032779968147
2030-08-09,120.65453485099337
2030-08-12,118.91226173458267
2030-08-13,122.3823775968836
2030-08-14,125.39460743455423
2030-08-15,118.38798764376536
2030-08-16,114.64479081583522
2030-08-19,116.94986467434283
2030-08-20,110.3508308359651
2030-08-21,110.65609627943837
2030-08-22,113.09263727594356
2030-08-23,112.98803437691228
2030-08-26,114.19039379960329
2030-08-27,113.01587611998004
2030-08-28,112.3832865044475
2030-08-29,115.4213242592922
2030-08-30,116.60278809262627
2030-09-02,115.82598227826904
2030-09-03,111.90811160372947
2030-09-04,111.77242031193296
2030-09-05,112.08733186173558
2030-09-06,113.28939212901047
2030-09-09,117.70030809987972
2030-09-10,119.47812285202322
2030-09-11,123.61558774279246
2030-09-12,116.59894176883387
2030-09-13,111.23927397639044
2030-09-16,108.31194522750616
2030-09-17,112.15819798396153
2030-09-18,107.45036287832318
2030-09-19,109.12044498718979
2030-09-20,110.90896936251241
2030-09-23,108.8641924904106
2030-09-24,107.79684838542933
2030-09-25,107.03565925207299
2030-09-26,107.54618523593898
2030-09-27,107.33551022000799
2030-09-30,105.9069423195213
2030-10-01,109.70311955512949
2030-10-02,107.00980096839022
2030-10-03,103.81299081090656
2030-10-04,100.88534766979882
2030-10-07,104.00330911571751
2030-10-08,104.6188923565271
2030-10-09,103.5768181659542
2030-10-10,105.65611188583003
2030-10-11,107.8470730979113
2030-10-14,103.05622227689028
2030-10-15,101.42481687149136
2030-10-16,103.27919072883081
2030-10-17,104.60861524100712
2030-10-18,103.90065220354232
2030-10-21,105.47189619386162
2030-10-22,100.46336304730399
2030-10-23,101.14460482675544
2030-10-24,99.39565817561818
2030-10-25,106.03044396215344
2030-10-28,105.10180789712533
2030-10-29,105.56668212235411
2030-10-30,100.89474696483337
2030-10-31,101.25299845302959
2030-11-01,100.76521876934908
2030-11-04,103.63764012505665
2030-11-05,100.88992861984956
2030-11-06,97.69924542156477
2030-11-07,98.42324479293953
2030-11-08,99.36246747589763
2030-11-11,101.58509226888312
2030-11-12,99.18787119429858
2030-11-13,102.79937364116094
2030-11-14,96.16989444887905
2030-11-15,95.88960797474721
2030-11-18,99.23494701664306
2030-11-19,97.82072762594717
2030-11-20,97.20500623403183
2030-11-21,99.87418964849506
2030-11-22,102.4797150699694
2030-11-25,105.03108362965195
2030-11-26,101.90065175765272
2030-11-27,105.41883338525298
2030-11-28,106.42328400165813
2030-11-29,106.17305311084895
2030-12-02,101.05077866780127
2030-12-03,102.57876630208348
2030-12-04,102.35709684288064
2030-12-05,102.50883491949028
2030-12-06,102.70550170834176
2030-12-09,105.05497136468098
2030-12-10,102.09642579139178
2030-12-11,102.76542140998248
2030-12-12,103.18832104323526
2030-12-13,100.53593457281698
2030-12-16,99.72446624001137
2030-12-17,98.66474021700068
2030-12-18,98.45368385838185
2030-12-19,98.34714921241192
2030-12-20,100.70857544352307
2030-12-23,102.68207336159301
2030-12-24,108.90199689834215
2030-12-25,108.43368315625158
2030-12-26,108.69807732391568
2030-12-27,105.83679406946884
2030-12-30,107.54886408775653
2030-12-31,104.79018830023219
2031-01-01,106.36903867055844
2031-01-02,106.04774440845537
2031-01-03,106.95893949433537
2031-01-06,111.65161693392449
2031-01-07,112.48992245133076
2031-01-08,113.15868220284119
2031-01-09,114.10695403911195
2031-01-10,110.88243266238311
2031-01-13,112.10578977652465
2031-01-14,110.53128616327469
2031-01-15,111.24221400936807
2031-01-16,110.61227123365532
2031-01-17,114.4538651924121
2031-01-20,114.20921747653766
2031-01-21,112.23511222347719
2031-01-22,112.7201783685269
2031-01-23,107.21660738598439
2031-01-24,105.73404391277406
2031-01-27,105.68643482910817
2031-01-28,104.55217672528865
2031-01-29,103.83612077000544
2031-01-30,107.62724642384296
2031-01-31,104.67032335877519
2031-02-03,104.49826037980405
2031-02-04,103.28239631664022
2031-02-05,107.95523128758781
2031-02-06,114.485176701646
2031-02-07,113.30566531101867
2031-02-10,114.06689383738207
2031-02-11,105.16460954868553
2031-02-12,104.09949268254675
2031-02-13,103.3388320451317
2031-02-14,103.0423375526327
2031-02-17,99.69888919967217
2031-02-18,106.08959324563662
2031-02-19,98.8465259434308
2031-02-20,94.98594464871282
2031-02-21,94.92156025365244
2031-02-24,100.6517413529215
2031-02-25,102.61047594208489
2031-02-26,106.1246445157297
2031-02-27,105.7122356652744
2031-02-28,107.84429070691779
2031-03-03,110.68833011448733
2031-03-04,110.83135561565275
2031-03-05,109.19060946034867
2031-03-06,109.82817839456348
2031-03-07,112.2862450038028
2031-03-10,111.9206286051119
2031-03-11,116.35698656432054
2031-03-12,120.4952639149807
2031-03-13,120.16148430864433
2031-03-14,126.6074644657495
2031-03-17,124.45779869085523
2031-03-18,115.8107596502021
2031-03-19,118.92299330960539
2031-03-20,118.34264880653082
2031-03-21,117.03545329851269
2031-03-24,122.66279776900652
2031-03-25,130.2539476898326
2031-03-26,131.56267290252356
2031-03-27,125.96926087559204
2031-03-28,128.39083558683475
2031-03-31,130.56470584577693
2031-04-01,133.16882791179654
2031-04-02,135.5073781049243
2031-04-03,137.24878698527525
2031-04-04,136.4579748756232
2031-04-07,132.52289761949356
2031-04-08,137.5802010341483
2031-04-09,139.8938641591478
2031-04-10,147.21174803235274
2031-04-11,145.71929529938666
2031-04-14,149.34561049743894
2031-04-15,152.70818226930646
2031-04-16,161.99301486451895
2031-04-17,161.64453751624322
2031-04-18,168.92322326553472
2031-04-21,165.21492400277975
2031-04-22,170.35010521179757
2031-04-23,168.34484031082155
2031-04-24,171.04384195877796
2031-04-25,169.90064853399844
2031-04-28,173.82271924493224
2031-04-29,177.526976259508
2031-04-30,170.32393060075
2031-05-01,167.58360925659537
2031-05-02,161.12457847728768
2031-05-05,162.59014606941247
2031-05-06,160.73949247848338
2031-05-07,158.6960685051103
2031-05-08,152.87344417234442
2031-05-09,149.74540638764577
2031-05-12,157.25239478363414
2031-05-13,153.8094859804353
2031-05-14,148.2179441892822
2031-05-15,152.40521151967857
2031-05-16,153.93797656183693
2031-05-19,146.3795012978579
2031-05-20,142.83824714827665
2031-05-21,135.7252458230515
2031-05-22,139.401071867401
2031-05-23,140.49021183750435
2031-05-26,137.49255349964898
2031-05-27,138.18889710655893
2031-05-28,145.47388977877608
2031-05-29,144.49418746384163
2031-05-30,145.99463206991635
2031-06-02,142.70213331147863
2031-06-03,142.17242228316948
2031-06-04,141.4416797690568
2031-06-05,142.0451316329073
2031-06-06,142.8921366175312
2031-06-09,137.35787935546128
2031-06-10,132.8634629276388
2031-06-11,131.92223275963514
2031-06-12,128.2869524532896
2031-06-13,127.59485663931775
2031-06-16,126.3764669635614
2031-06-17,120.21752141006989
2031-06-18,118.82939487425536
2031-06-19,120.41058393807974
2031-06-20,113.74580749573087
2031-06-23,109.33664161589574
2031-06-24,111.45692543910607
2031-06-25,110.31669781058773
2031-06-26,108.37413262644264
2031-06-27,110.70298626830329
2031-06-30,107.92879320669914
2031-07-01,105.43977557581694
