,tenor_1,tenor_2
2010-11-01,82.95,84.62
2010-11-02,83.9,85.41
2010-11-03,84.69,86.38
2010-11-04,86.49,88.0
2010-11-05,86.85,88.11
2010-11-08,87.06,88.46
2010-11-09,86.72,88.33
2010-11-10,87.81,88.96
2010-11-11,87.81,88.81
2010-11-12,84.88,86.34
2010-11-15,84.86,86.7
2010-11-16,82.34,84.73
2010-11-17,80.44,83.28
2010-11-18,81.85,85.05
2010-11-19,81.51,84.34
2010-11-22,81.74,83.96
2010-11-23,81.25,83.25
2010-11-24,83.86,85.84
2010-11-26,83.76,85.58
2010-11-29,85.73,87.34
2010-11-30,84.11,85.92
2010-12-01,86.75,88.87
2010-12-02,88.0,90.69
2010-12-03,89.19,91.42
2010-12-06,89.38,91.45
2010-12-07,88.69,91.39
2010-12-08,88.28,90.77
2010-12-09,88.37,90.99
2010-12-10,87.79,90.48
2010-12-13,88.61,91.19
2010-12-14,88.28,91.21
2010-12-15,88.62,92.2
2010-12-16,87.7,91.71
2010-12-17,88.02,91.67
2010-12-20,88.81,92.74
2010-12-21,89.82,93.2
2010-12-22,90.48,93.65
2010-12-23,91.51,94.25
2010-12-27,91.0,93.85
2010-12-28,91.49,94.38
2010-12-29,91.12,94.14
2010-12-30,89.84,93.09
2010-12-31,91.38,94.75
2011-01-03,91.55,94.84
2011-01-04,89.38,93.53
2011-01-05,90.3,95.5
2011-01-06,88.38,94.52
2011-01-07,88.03,93.33
2011-01-10,89.25,95.7
2011-01-11,91.11,97.61
2011-01-12,91.86,98.12
2011-01-13,91.4,98.06
2011-01-14,91.54,98.68
2011-01-18,91.38,97.8
2011-01-19,90.86,98.16
2011-01-20,88.86,96.58
2011-01-21,89.11,97.6
2011-01-24,87.87,96.61
2011-01-25,86.19,95.25
2011-01-26,87.33,97.91
2011-01-27,85.64,97.39
2011-01-28,89.34,99.42
2011-01-31,92.19,101.01
2011-02-01,90.77,101.74
2011-02-02,90.86,102.34
2011-02-03,90.54,101.76
2011-02-04,89.03,99.83
2011-02-07,87.48,99.25
2011-02-08,86.94,99.92
2011-02-09,86.71,101.82
2011-02-10,86.73,100.87
2011-02-11,85.58,101.43
2011-02-14,84.81,103.08
2011-02-15,84.32,101.64
2011-02-16,84.99,103.78
2011-02-17,86.36,102.59
2011-02-18,86.2,102.52
2011-02-22,93.57,105.78
2011-02-23,98.1,111.25
2011-02-24,97.28,111.36
2011-02-25,97.88,112.14
2011-02-28,96.97,111.8
2011-03-01,99.63,115.42
2011-03-02,102.23,116.35
2011-03-03,101.91,114.79
2011-03-04,104.42,115.97
2011-03-07,105.44,115.04
2011-03-08,105.02,113.06
2011-03-09,104.38,115.94
2011-03-10,102.7,115.43
2011-03-11,101.16,113.84
2011-03-14,101.19,113.67
2011-03-15,97.18,108.52
2011-03-16,97.98,110.62
2011-03-17,101.42,114.9
2011-03-18,101.07,113.93
2011-03-21,102.33,114.96
2011-03-22,104.0,115.7
2011-03-23,105.75,115.55
2011-03-24,105.6,115.72
2011-03-25,105.4,115.59
2011-03-28,103.98,114.8
2011-03-29,104.79,115.16
2011-03-30,104.27,115.13
2011-03-31,106.72,117.36
2011-04-01,107.94,118.7
2011-04-04,108.47,121.06
2011-04-05,108.34,122.22
2011-04-06,108.83,122.3
2011-04-07,110.3,122.67
2011-04-08,112.79,126.65
2011-04-11,109.92,123.98
2011-04-12,106.25,120.92
2011-04-13,107.11,122.88
2011-04-14,108.11,122.36
2011-04-15,109.66,123.45
2011-04-18,107.12,121.61
2011-04-19,108.15,121.33
2011-04-20,111.45,123.85
2011-04-21,112.29,123.99
2011-04-25,112.28,123.66
2011-04-26,112.21,124.14
2011-04-27,112.76,125.13
2011-04-28,112.86,125.02
2011-04-29,113.93,125.89
2011-05-02,113.52,125.12
2011-05-03,111.05,122.45
2011-05-04,109.24,121.19
2011-05-05,99.8,110.8
2011-05-06,97.18,109.13
2011-05-09,102.55,115.9
2011-05-10,103.88,117.63
2011-05-11,98.21,112.57
2011-05-12,98.97,112.98
2011-05-13,99.65,113.83
2011-05-16,97.37,112.73
2011-05-17,96.91,109.99
2011-05-18,100.1,112.3
2011-05-19,98.44,111.42
2011-05-20,99.49,112.39
2011-05-23,97.7,110.1
2011-05-24,99.59,112.53
2011-05-25,101.32,114.93
2011-05-26,100.23,115.05
2011-05-27,100.59,115.03
2011-05-31,102.7,116.73
2011-06-01,100.29,114.53
2011-06-02,100.4,115.54
2011-06-03,100.22,115.84
2011-06-06,99.01,114.48
2011-06-07,99.09,116.78
2011-06-08,100.74,117.85
2011-06-09,101.93,119.57
2011-06-10,99.29,118.78
2011-06-13,97.3,119.1
2011-06-14,99.37,120.16
2011-06-15,94.81,117.1
2011-06-16,94.95,114.02
2011-06-17,93.01,113.21
2011-06-20,93.26,111.69
2011-06-21,93.4,110.95
2011-06-22,95.41,114.21
2011-06-23,91.02,107.26
2011-06-24,91.16,105.12
2011-06-27,90.61,105.99
2011-06-28,92.89,108.78
2011-06-29,94.77,112.4
2011-06-30,95.42,112.48
2011-07-01,94.94,111.77
2011-07-05,96.89,113.61
2011-07-06,96.65,113.62
2011-07-07,98.67,118.59
2011-07-08,96.2,118.33
2011-07-11,95.15,117.24
2011-07-12,97.43,117.75
2011-07-13,98.05,118.78
2011-07-14,95.69,118.32
2011-07-15,97.24,117.26
2011-07-18,95.93,116.05
2011-07-19,97.5,117.06
2011-07-20,98.14,118.15
2011-07-21,99.13,117.51
2011-07-22,99.87,118.67
2011-07-25,99.2,117.94
2011-07-26,99.59,118.28
2011-07-27,97.4,117.43
2011-07-28,97.44,117.36
2011-07-29,95.7,116.74
2011-08-01,94.89,116.81
2011-08-02,93.79,116.46
2011-08-03,91.93,113.23
2011-08-04,86.63,107.25
2011-08-05,86.88,109.37
2011-08-08,81.31,103.74
2011-08-09,79.3,102.57
2011-08-10,82.89,106.68
2011-08-11,85.72,108.02
2011-08-12,85.38,108.03
2011-08-15,87.88,109.91
2011-08-16,86.65,109.47
2011-08-17,87.58,110.6
2011-08-18,82.38,106.99
2011-08-19,82.26,108.62
2011-08-22,84.12,108.36
2011-08-23,85.44,109.31
2011-08-24,85.16,110.15
2011-08-25,85.3,110.62
2011-08-26,85.37,111.36
2011-08-29,87.27,111.88
2011-08-30,88.9,114.02
2011-08-31,88.81,114.85
2011-09-01,88.93,114.29
2011-09-02,86.45,112.33
2011-09-06,86.02,112.89
2011-09-07,89.34,115.8
2011-09-08,89.05,114.55
2011-09-09,87.24,112.77
2011-09-12,88.19,112.25
2011-09-13,90.21,111.89
2011-09-14,88.91,112.4
2011-09-15,89.4,115.34
2011-09-16,87.96,112.22
2011-09-19,85.7,109.14
2011-09-20,86.89,110.54
2011-09-21,85.92,110.36
2011-09-22,80.51,105.49
2011-09-23,79.85,103.97
2011-09-26,80.24,103.94
2011-09-27,84.45,107.14
2011-09-28,81.21,103.81
2011-09-29,82.14,103.95
2011-09-30,79.2,102.76
2011-10-03,77.61,101.71
2011-10-04,75.67,99.79
2011-10-05,79.68,102.73
2011-10-06,82.59,105.73
2011-10-07,82.98,105.88
2011-10-10,85.41,108.95
2011-10-11,85.81,110.73
2011-10-12,85.57,111.36
2011-10-13,84.23,111.11
2011-10-14,86.8,114.68
2011-10-17,86.38,110.16
2011-10-18,88.34,111.15
2011-10-19,86.11,108.39
2011-10-20,85.3,109.76
2011-10-21,87.4,109.56
2011-10-24,91.27,111.45
2011-10-25,93.17,110.92
2011-10-26,90.2,108.91
2011-10-27,93.96,112.08
2011-10-28,93.32,109.91
2011-10-31,93.19,109.56
2011-11-01,92.19,109.54
2011-11-02,92.51,109.34
2011-11-03,94.07,110.83
2011-11-04,94.26,111.97
2011-11-07,95.52,114.56
2011-11-08,96.8,115.0
2011-11-09,95.74,112.31
2011-11-10,97.78,113.71
2011-11-11,98.99,114.16
2011-11-14,98.14,111.89
2011-11-15,99.37,112.39
2011-11-16,102.59,111.88
2011-11-17,98.82,108.22
2011-11-18,97.41,107.56
2011-11-21,96.92,106.88
2011-11-22,98.01,109.03
2011-11-23,96.17,107.02
2011-11-25,96.77,106.4
2011-11-28,98.21,109.0
2011-11-29,99.79,110.82
2011-11-30,100.36,110.52
2011-12-01,100.2,108.99
2011-12-02,100.96,109.94
2011-12-05,100.99,109.81
2011-12-06,101.28,110.81
2011-12-07,100.49,109.53
2011-12-08,98.34,108.11
2011-12-09,99.41,108.62
2011-12-12,97.77,107.26
2011-12-13,100.14,109.5
2011-12-14,94.95,105.02
2011-12-15,93.87,105.09
2011-12-16,93.53,103.35
2011-12-19,93.88,103.64
2011-12-20,97.22,106.73
2011-12-21,98.67,107.71
2011-12-22,99.53,107.89
2011-12-23,99.68,107.96
2011-12-27,101.34,109.27
2011-12-28,99.36,107.56
2011-12-29,99.65,108.01
2011-12-30,98.83,107.38
2012-01-03,102.96,112.13
2012-01-04,103.22,113.7
2012-01-05,101.81,112.74
2012-01-06,101.56,113.06
2012-01-09,101.31,112.45
2012-01-10,102.24,113.28
2012-01-11,100.87,112.24
2012-01-12,99.1,111.26
2012-01-13,98.7,110.44
2012-01-17,100.71,111.53
2012-01-18,100.59,110.66
2012-01-19,100.39,111.55
2012-01-20,98.46,109.86
2012-01-23,99.58,110.58
2012-01-24,98.95,110.03
2012-01-25,99.4,109.81
2012-01-26,99.7,110.79
2012-01-27,99.56,111.46
2012-01-30,98.78,110.75
2012-01-31,98.48,110.98
2012-02-01,97.61,111.56
2012-02-02,96.36,112.07
2012-02-03,97.84,114.58
2012-02-06,96.91,115.93
2012-02-07,98.41,116.23
2012-02-08,98.71,117.2
2012-02-09,99.84,118.59
2012-02-10,98.67,117.31
2012-02-13,100.91,117.93
2012-02-14,100.74,118.16
2012-02-15,101.8,118.93
2012-02-16,102.31,120.11
2012-02-17,103.24,119.58
2012-02-21,105.84,121.66
2012-02-22,106.28,122.9
2012-02-23,107.83,123.62
2012-02-24,109.77,125.47
2012-02-27,108.56,124.17
2012-02-28,106.55,121.55
2012-02-29,107.07,122.66
2012-03-01,108.84,126.2
2012-03-02,106.7,123.65
2012-03-05,106.72,123.8
2012-03-06,104.7,121.98
2012-03-07,106.16,124.12
2012-03-08,106.58,125.44
2012-03-09,107.4,125.98
2012-03-12,106.34,125.34
2012-03-13,106.71,126.22
2012-03-14,105.43,124.97
2012-03-15,105.11,123.55
2012-03-16,107.06,125.81
2012-03-19,108.09,125.71
2012-03-20,105.61,124.12
2012-03-21,107.27,124.2
2012-03-22,105.35,123.14
2012-03-23,106.87,125.13
2012-03-26,107.03,125.65
2012-03-27,107.33,125.54
2012-03-28,105.41,124.16
2012-03-29,102.78,122.39
2012-03-30,103.02,122.88
2012-04-02,105.23,125.43
2012-04-03,104.01,124.86
2012-04-04,101.47,122.34
2012-04-05,103.31,123.43
2012-04-09,102.46,122.67
2012-04-10,101.02,119.88
2012-04-11,102.7,120.18
2012-04-12,103.64,121.71
2012-04-13,102.83,121.83
2012-04-16,102.93,118.68
2012-04-17,104.2,118.78
2012-04-18,102.67,117.97
2012-04-19,102.27,118.0
2012-04-20,103.05,118.76
2012-04-23,103.11,118.71
2012-04-24,103.55,118.16
2012-04-25,104.12,119.12
2012-04-26,104.55,119.92
2012-04-27,104.93,119.83
2012-04-30,104.87,119.47
2012-05-01,106.16,119.66
2012-05-02,105.22,118.2
2012-05-03,102.54,116.08
2012-05-04,98.49,113.18
2012-05-07,97.94,113.16
2012-05-08,97.01,112.73
2012-05-09,96.81,113.2
2012-05-10,97.08,112.73
2012-05-11,96.13,112.26
2012-05-14,94.78,111.57
2012-05-15,93.98,112.24
2012-05-16,92.81,111.71
2012-05-17,92.56,107.49
2012-05-18,91.48,107.14
2012-05-21,92.57,108.81
2012-05-22,91.66,108.41
2012-05-23,89.9,105.56
2012-05-24,90.66,106.55
2012-05-25,90.86,106.83
2012-05-29,90.76,106.68
2012-05-30,87.82,103.47
2012-05-31,86.53,101.87
2012-06-01,83.23,98.43
2012-06-04,83.98,98.85
2012-06-05,84.29,98.84
2012-06-06,85.02,100.64
2012-06-07,84.82,99.93
2012-06-08,84.1,99.47
2012-06-11,82.7,98.0
2012-06-12,83.32,97.14
2012-06-13,82.62,97.13
2012-06-14,83.91,97.03
2012-06-15,84.03,97.61
2012-06-18,83.27,96.05
2012-06-19,84.03,95.76
2012-06-20,81.8,92.69
2012-06-21,78.2,89.23
2012-06-22,79.76,90.98
2012-06-25,79.21,91.01
2012-06-26,79.36,93.02
2012-06-27,80.21,93.5
2012-06-28,77.69,91.36
2012-06-29,84.96,97.8
2012-07-02,83.75,97.34
2012-07-03,87.66,100.68
2012-07-05,87.22,100.7
2012-07-06,84.45,98.19
2012-07-09,85.99,100.32
2012-07-10,83.91,97.97
2012-07-11,85.81,100.23
2012-07-12,86.08,101.07
2012-07-13,87.1,102.4
2012-07-16,88.43,103.55
2012-07-17,89.22,104.0
2012-07-18,89.87,105.16
2012-07-19,92.66,107.8
2012-07-20,91.44,106.83
2012-07-23,88.14,103.26
2012-07-24,88.5,103.42
2012-07-25,88.97,104.38
2012-07-26,89.39,105.26
2012-07-27,90.13,106.47
2012-07-30,89.78,106.2
2012-07-31,88.06,104.92
2012-08-01,88.91,105.96
2012-08-02,87.13,105.9
2012-08-03,91.4,108.94
2012-08-06,92.2,109.55
2012-08-07,93.67,112.0
2012-08-08,93.35,112.14
2012-08-09,93.36,113.22
2012-08-10,92.87,112.95
2012-08-13,92.73,113.6
2012-08-14,93.43,114.03
2012-08-15,94.33,116.25
2012-08-16,95.6,116.9
2012-08-17,96.01,113.71
2012-08-20,95.97,113.7
2012-08-21,96.68,114.64
2012-08-22,97.26,114.91
2012-08-23,96.27,115.01
2012-08-24,96.15,113.59
2012-08-27,95.47,112.26
2012-08-28,96.33,112.58
2012-08-29,95.49,112.54
2012-08-30,94.62,112.65
2012-08-31,96.47,114.57
2012-09-04,95.3,114.18
2012-09-05,95.36,113.09
2012-09-06,95.53,113.49
2012-09-07,96.42,114.25
2012-09-10,96.54,114.81
2012-09-11,97.17,115.4
2012-09-12,97.01,115.96
2012-09-13,98.31,116.9
2012-09-14,99.0,116.66
2012-09-17,96.62,113.79
2012-09-18,95.29,112.03
2012-09-19,91.98,108.19
2012-09-20,91.87,110.03
2012-09-21,92.89,111.42
2012-09-24,91.93,109.81
2012-09-25,91.37,110.45
2012-09-26,89.98,110.04
2012-09-27,91.85,112.01
2012-09-28,92.19,112.39
2012-10-01,92.48,112.19
2012-10-02,91.89,111.57
2012-10-03,88.14,108.17
2012-10-04,91.71,112.58
2012-10-05,89.88,112.02
2012-10-08,89.33,111.82
2012-10-09,92.39,114.5
2012-10-10,91.25,114.33
2012-10-11,92.07,115.71
2012-10-12,91.86,114.62
2012-10-15,91.85,115.8
2012-10-16,92.09,115.07
2012-10-17,92.12,113.22
2012-10-18,92.1,112.42
2012-10-19,90.05,110.14
2012-10-22,88.73,109.44
2012-10-23,86.67,108.25
2012-10-24,85.73,107.85
2012-10-25,86.05,108.49
2012-10-26,86.28,109.55
2012-10-29,85.54,109.44
2012-10-30,85.68,109.08
2012-10-31,86.24,108.7
2012-11-01,87.09,108.17
2012-11-02,84.86,105.68
2012-11-05,85.65,107.73
2012-11-06,88.71,111.07
2012-11-07,84.44,106.82
2012-11-08,85.09,107.25
2012-11-09,86.07,109.4
2012-11-12,85.57,109.07
2012-11-13,85.38,108.26
2012-11-14,86.32,109.61
2012-11-15,85.45,110.98
2012-11-16,86.67,108.95
2012-11-19,89.28,111.7
2012-11-20,86.75,109.83
2012-11-21,87.38,110.86
2012-11-23,88.28,111.38
2012-11-26,87.74,110.92
2012-11-27,87.18,109.87
2012-11-28,86.49,109.51
2012-11-29,88.07,110.76
2012-11-30,88.91,111.23
2012-12-03,89.09,110.92
2012-12-04,88.5,109.84
2012-12-05,87.88,108.81
2012-12-06,86.26,107.03
2012-12-07,85.93,107.02
2012-12-10,85.56,107.33
2012-12-11,85.79,108.01
2012-12-12,86.77,109.5
2012-12-13,85.89,107.91
2012-12-14,86.73,109.15
2012-12-17,87.2,107.64
2012-12-18,87.93,108.84
2012-12-19,89.51,110.36
2012-12-20,90.13,110.2
2012-12-21,88.66,108.97
2012-12-24,88.61,108.8
2012-12-26,90.98,111.07
2012-12-27,90.87,110.8
2012-12-28,90.8,110.62
2012-12-31,91.82,111.11
2013-01-02,93.12,112.47
2013-01-03,92.92,112.14
2013-01-04,93.09,111.31
2013-01-07,93.19,111.4
2013-01-08,93.15,111.94
2013-01-09,93.1,111.76
2013-01-10,93.82,111.89
2013-01-11,93.56,110.64
2013-01-14,94.14,111.88
2013-01-15,93.28,110.3
2013-01-16,94.24,110.61
2013-01-17,95.49,111.1
2013-01-18,95.56,111.89
2013-01-22,96.24,112.42
2013-01-23,95.23,112.8
2013-01-24,95.95,113.28
2013-01-25,95.88,113.28
2013-01-28,96.44,113.48
2013-01-29,97.57,114.36
2013-01-30,97.94,114.9
2013-01-31,97.49,115.55
2013-02-01,97.77,116.76
2013-02-04,96.17,115.6
2013-02-05,96.64,116.52
2013-02-06,96.62,116.73
2013-02-07,95.83,117.24
2013-02-08,95.72,118.9
2013-02-11,97.03,118.13
2013-02-12,97.51,118.66
2013-02-13,97.01,118.72
2013-02-14,97.31,118.0
2013-02-15,95.86,117.66
2013-02-19,96.66,117.52
2013-02-20,94.46,115.6
2013-02-21,92.84,113.53
2013-02-22,93.13,114.1
2013-02-25,93.11,114.44
2013-02-26,92.63,112.71
2013-02-27,92.76,111.87
2013-02-28,92.05,111.38
2013-03-01,90.68,110.4
2013-03-04,90.12,110.09
2013-03-05,90.82,111.61
2013-03-06,90.43,111.06
2013-03-07,91.56,111.15
2013-03-08,91.95,110.85
2013-03-11,92.06,110.22
2013-03-12,92.54,109.65
2013-03-13,92.52,108.52
2013-03-14,93.03,109.42
2013-03-15,93.45,109.82
2013-03-18,93.74,109.51
2013-03-19,92.16,107.45
2013-03-20,92.96,108.72
2013-03-21,92.45,107.47
2013-03-22,93.71,107.66
2013-03-25,94.81,108.17
2013-03-26,96.34,109.36
2013-03-27,96.58,109.69
2013-03-28,97.23,110.02
2013-04-01,97.07,111.08
2013-04-02,97.19,110.69
2013-04-03,94.45,107.11
2013-04-04,93.26,106.34
2013-04-05,92.7,104.12
2013-04-08,93.36,104.66
2013-04-09,94.2,106.23
2013-04-10,94.64,105.79
2013-04-11,93.51,104.27
2013-04-12,91.29,103.11
2013-04-15,88.71,100.39
2013-04-16,88.72,99.91
2013-04-17,86.68,97.69
2013-04-18,87.73,99.13
2013-04-19,88.01,99.65
2013-04-22,88.76,100.39
2013-04-23,89.18,100.31
2013-04-24,91.43,101.73
2013-04-25,93.64,103.41
2013-04-26,93.0,103.16
2013-04-29,94.5,103.81
2013-04-30,93.46,102.37
2013-05-01,91.03,99.95
2013-05-02,93.99,102.85
2013-05-03,95.61,104.19
2013-05-06,96.16,105.46
2013-05-07,95.62,104.4
2013-05-08,96.62,104.34
2013-05-09,96.39,104.47
2013-05-10,96.04,103.91
2013-05-13,95.17,102.82
2013-05-14,94.21,102.6
2013-05-15,94.3,103.68
2013-05-16,95.16,103.8
2013-05-17,96.02,104.64
2013-05-20,96.71,104.8
2013-05-21,96.16,103.91
2013-05-22,94.28,102.6
2013-05-23,94.25,102.44
2013-05-24,94.15,102.64
2013-05-28,95.01,104.23
2013-05-29,93.13,102.43
2013-05-30,93.61,102.19
2013-05-31,91.97,100.39
2013-06-03,93.45,102.06
2013-06-04,93.31,103.24
2013-06-05,93.74,103.04
2013-06-06,94.76,103.61
2013-06-07,96.03,104.56
2013-06-10,95.77,103.95
2013-06-11,95.38,102.96
2013-06-12,95.88,103.49
2013-06-13,96.69,104.25
2013-06-14,97.85,105.93
2013-06-17,97.77,105.47
2013-06-18,98.44,106.02
2013-06-19,98.24,106.12
2013-06-20,95.4,102.15
2013-06-21,93.69,100.91
2013-06-24,95.18,101.16
2013-06-25,95.32,101.26
2013-06-26,95.5,101.66
2013-06-27,97.05,102.82
2013-06-28,96.56,102.16
2013-07-01,97.99,103.0
2013-07-02,99.6,104.0
2013-07-03,101.24,105.76
2013-07-05,103.22,107.72
2013-07-08,103.14,107.43
2013-07-09,103.53,107.81
2013-07-10,106.52,108.51
2013-07-11,104.91,107.73
2013-07-12,105.95,108.81
2013-07-15,106.32,109.09
2013-07-16,106.0,109.4
2013-07-17,106.48,108.61
2013-07-18,108.04,108.7
2013-07-19,108.05,108.07
2013-07-22,106.91,108.15
2013-07-23,107.23,108.42
2013-07-24,105.39,107.19
2013-07-25,105.49,107.65
2013-07-26,104.7,107.17
2013-07-29,104.55,107.45
2013-07-30,103.08,106.91
2013-07-31,105.03,107.7
2013-08-01,107.89,109.54
2013-08-02,106.94,108.95
2013-08-05,106.56,108.7
2013-08-06,105.3,108.18
2013-08-07,104.37,107.44
2013-08-08,103.4,106.68
2013-08-09,105.97,108.22
2013-08-12,106.11,108.97
2013-08-13,106.83,109.82
2013-08-14,106.85,110.2
2013-08-15,107.33,111.11
2013-08-16,107.46,110.4
2013-08-19,107.1,109.9
2013-08-20,104.96,110.15
2013-08-21,103.85,109.81
2013-08-22,105.03,109.9
2013-08-23,106.42,111.04
2013-08-26,105.92,110.73
2013-08-27,109.01,114.36
2013-08-28,110.1,116.61
2013-08-29,108.8,115.16
2013-08-30,107.65,114.01
2013-09-03,108.54,115.68
2013-09-04,107.23,114.91
2013-09-05,108.37,115.26
2013-09-06,110.53,116.12
2013-09-09,109.52,113.72
2013-09-10,107.39,111.25
2013-09-11,107.56,111.5
2013-09-12,108.6,112.63
2013-09-13,108.21,112.78
2013-09-16,106.59,110.07
2013-09-17,105.42,108.19
2013-09-18,108.07,110.6
2013-09-19,106.39,108.76
2013-09-20,104.67,109.22
2013-09-23,103.59,108.16
2013-09-24,103.13,108.64
2013-09-25,102.66,108.32
2013-09-26,103.03,109.21
2013-09-27,102.87,108.63
2013-09-30,102.33,108.37
2013-10-01,102.04,107.94
2013-10-02,104.1,109.19
2013-10-03,103.31,109.0
2013-10-04,103.84,109.46
2013-10-07,103.03,109.68
2013-10-08,103.49,110.16
2013-10-09,101.61,109.06
2013-10-10,103.01,111.8
2013-10-11,102.02,111.28
2013-10-14,102.41,111.04
2013-10-15,101.21,109.96
2013-10-16,102.29,110.86
2013-10-17,100.67,109.11
2013-10-18,100.81,109.94
2013-10-21,99.22,109.64
2013-10-22,97.8,109.97
2013-10-23,96.86,107.8
2013-10-24,97.11,106.99
2013-10-25,97.85,106.93
2013-10-28,98.68,109.61
2013-10-29,98.2,109.01
2013-10-30,96.77,109.86
2013-10-31,96.38,108.84
2013-11-01,94.61,105.91
2013-11-04,94.62,106.23
2013-11-05,93.37,105.33
2013-11-06,94.8,105.24
2013-11-07,94.2,103.46
2013-11-08,94.6,105.12
2013-11-11,95.14,106.4
2013-11-12,93.04,105.81
2013-11-13,93.88,107.12
2013-11-14,93.76,108.54
2013-11-15,93.84,108.5
2013-11-18,93.03,108.47
2013-11-19,93.34,106.92
2013-11-20,93.33,108.06
2013-11-21,95.44,110.08
2013-11-22,94.84,111.05
2013-11-25,94.09,111.0
2013-11-26,93.68,110.88
2013-11-27,92.3,111.31
2013-11-29,92.72,109.69
2013-12-02,93.82,111.45
2013-12-03,96.04,112.62
2013-12-04,97.2,111.88
2013-12-05,97.38,110.98
2013-12-06,97.65,111.61
2013-12-09,97.34,109.39
2013-12-10,98.51,109.38
2013-12-11,97.44,109.7
2013-12-12,97.5,108.67
2013-12-13,96.6,108.83
2013-12-16,97.48,110.47
2013-12-17,97.22,108.44
2013-12-18,97.8,109.63
2013-12-19,98.77,110.29
2013-12-20,99.32,111.77
2013-12-23,98.91,111.56
2013-12-24,99.22,111.9
2013-12-26,99.55,111.98
2013-12-27,100.32,112.18
2013-12-30,99.29,111.21
2013-12-31,98.42,110.8
2014-01-02,95.44,107.78
2014-01-03,93.96,106.89
2014-01-06,93.43,106.73
2014-01-07,93.67,107.35
2014-01-08,92.33,107.15
2014-01-09,91.66,106.39
2014-01-10,92.72,107.25
2014-01-13,91.8,106.75
2014-01-14,92.59,106.39
2014-01-15,94.17,107.13
2014-01-16,93.96,107.09
2014-01-17,94.37,106.48
2014-01-21,94.99,106.73
2014-01-22,96.73,108.27
2014-01-23,97.32,107.58
2014-01-24,96.64,107.88
2014-01-27,95.72,106.69
2014-01-28,97.41,107.41
2014-01-29,97.36,107.85
2014-01-30,98.23,107.95
2014-01-31,97.49,106.4
2014-02-03,96.43,106.04
2014-02-04,97.19,105.78
2014-02-05,97.38,106.25
2014-02-06,97.84,107.19
2014-02-07,99.88,109.57
2014-02-10,100.06,108.63
2014-02-11,99.94,108.68
2014-02-12,100.37,108.79
2014-02-13,100.35,108.73
2014-02-14,100.3,109.08
2014-02-18,102.43,110.46
2014-02-19,103.31,110.47
2014-02-20,102.92,110.3
2014-02-21,102.2,109.85
2014-02-24,102.82,110.64
2014-02-25,101.83,109.51
2014-02-26,102.59,109.52
2014-02-27,102.4,108.96
2014-02-28,102.59,109.07
2014-03-03,104.92,111.2
2014-03-04,103.33,109.3
2014-03-05,101.45,107.76
2014-03-06,101.56,108.1
2014-03-07,102.58,109.0
2014-03-10,101.12,108.08
2014-03-11,100.03,108.55
2014-03-12,97.99,108.02
2014-03-13,98.2,107.39
2014-03-14,98.89,108.57
2014-03-17,98.08,106.24
2014-03-18,99.7,106.79
2014-03-19,100.37,105.85
2014-03-20,99.43,106.45
2014-03-21,99.46,106.92
2014-03-24,99.6,106.81
2014-03-25,99.19,106.99
2014-03-26,100.26,107.03
2014-03-27,101.28,107.83
2014-03-28,101.67,108.07
2014-03-31,101.58,107.76
2014-04-01,99.74,105.62
2014-04-02,99.62,104.79
2014-04-03,100.29,106.15
2014-04-04,101.14,106.72
2014-04-07,100.44,105.82
2014-04-08,102.56,107.67
2014-04-09,103.6,107.98
2014-04-10,103.4,107.46
2014-04-11,103.74,107.33
2014-04-14,104.05,109.07
2014-04-15,103.75,108.74
2014-04-16,103.76,109.6
2014-04-17,104.3,109.53
2014-04-21,104.37,109.95
2014-04-22,102.13,109.27
2014-04-23,101.44,109.11
2014-04-24,101.94,110.33
2014-04-25,100.6,109.58
2014-04-28,100.84,108.12
2014-04-29,101.28,108.98
2014-04-30,99.74,108.07
2014-05-01,99.42,107.76
2014-05-02,99.76,108.59
2014-05-05,99.48,107.72
2014-05-06,99.5,107.06
2014-05-07,100.77,108.13
2014-05-08,100.26,108.04
2014-05-09,99.99,107.89
2014-05-12,100.59,108.41
2014-05-13,101.7,109.24
2014-05-14,102.37,110.19
2014-05-15,101.5,110.44
2014-05-16,102.02,109.75
2014-05-19,102.61,109.37
2014-05-20,102.44,109.69
2014-05-21,104.07,110.55
2014-05-22,103.74,110.36
2014-05-23,104.35,110.54
2014-05-27,104.11,110.02
2014-05-28,102.72,109.81
2014-05-29,103.58,109.97
2014-05-30,102.71,109.41
2014-06-02,102.47,108.83
2014-06-03,102.66,108.82
2014-06-04,102.64,108.4
2014-06-05,102.48,108.79
2014-06-06,102.66,108.61
2014-06-09,104.41,109.99
2014-06-10,104.35,109.52
2014-06-11,104.4,109.95
2014-06-12,106.53,113.02
2014-06-13,106.91,113.41
2014-06-16,106.9,112.94
2014-06-17,106.36,113.45
2014-06-18,105.97,114.26
2014-06-19,106.43,115.06
2014-06-20,107.26,114.81
2014-06-23,106.17,114.12
2014-06-24,106.03,114.46
2014-06-25,106.5,114.0
2014-06-26,105.84,113.21
2014-06-27,105.74,113.3
2014-06-30,105.37,112.36
2014-07-01,105.34,112.29
2014-07-02,104.48,111.24
2014-07-03,104.06,111.0
2014-07-07,103.53,110.24
2014-07-08,103.4,108.94
2014-07-09,102.29,108.28
2014-07-10,102.93,108.67
2014-07-11,100.83,106.66
2014-07-14,100.91,106.98
2014-07-15,99.96,106.02
2014-07-16,101.2,105.85
2014-07-17,103.19,107.89
2014-07-18,103.13,107.24
2014-07-21,104.59,107.68
2014-07-22,104.42,107.33
2014-07-23,103.12,108.03
2014-07-24,102.07,107.07
2014-07-25,102.09,108.39
2014-07-28,101.67,107.57
2014-07-29,100.97,107.72
2014-07-30,100.27,106.51
2014-07-31,98.17,106.02
2014-08-01,97.88,104.84
2014-08-04,98.29,105.41
2014-08-05,97.38,104.61
2014-08-06,96.92,104.59
2014-08-07,97.34,105.44
2014-08-08,97.65,105.02
2014-08-11,98.08,104.68
2014-08-12,97.37,103.02
2014-08-13,97.59,104.28
2014-08-14,95.58,102.01
2014-08-15,97.35,103.53
2014-08-18,96.41,101.6
2014-08-19,94.48,101.56
2014-08-20,96.07,102.28
2014-08-21,93.96,102.63
2014-08-22,93.65,102.29
2014-08-25,93.35,102.65
2014-08-26,93.86,102.5
2014-08-27,93.88,102.72
2014-08-28,94.55,102.46
2014-08-29,95.96,103.19
2014-09-02,92.88,100.34
2014-09-03,95.54,102.77
2014-09-04,94.45,101.83
2014-09-05,93.29,100.82
2014-09-08,92.66,100.2
2014-09-09,92.75,99.16
2014-09-10,91.67,98.04
2014-09-11,92.83,98.08
2014-09-12,92.27,97.11
2014-09-15,92.92,96.65
2014-09-16,94.88,99.05
2014-09-17,94.42,98.97
2014-09-18,93.07,97.7
2014-09-19,92.41,98.39
2014-09-22,91.52,96.97
2014-09-23,91.56,96.85
2014-09-24,92.8,96.95
2014-09-25,92.53,97.0
2014-09-26,93.54,97.0
2014-09-29,94.57,97.2
2014-09-30,91.16,94.67
2014-10-01,90.73,94.16
2014-10-02,91.01,93.42
2014-10-03,89.74,92.31
2014-10-06,90.34,92.79
2014-10-07,88.85,92.11
2014-10-08,87.31,91.38
2014-10-09,85.77,90.05
2014-10-10,85.82,90.21
2014-10-13,85.74,88.89
2014-10-14,81.84,85.04
2014-10-15,81.78,83.78
2014-10-16,82.7,84.47
2014-10-17,82.75,86.16
2014-10-20,82.71,85.4
2014-10-21,82.81,86.22
2014-10-22,80.52,84.71
2014-10-23,82.09,86.83
2014-10-24,81.01,86.13
2014-10-27,81.0,85.83
2014-10-28,81.42,86.03
2014-10-29,82.2,87.12
2014-10-30,81.12,86.24
2014-10-31,80.54,85.86
2014-11-03,78.78,84.78
2014-11-04,77.19,82.82
2014-11-05,78.68,82.95
2014-11-06,77.91,82.86
2014-11-07,78.65,83.39
2014-11-10,77.4,82.34
2014-11-11,77.94,81.67
2014-11-12,77.18,80.38
2014-11-13,74.21,77.92
2014-11-14,75.82,79.41
2014-11-17,75.64,79.31
2014-11-18,74.61,78.47
2014-11-19,74.58,78.1
2014-11-20,75.58,79.33
2014-11-21,76.51,80.36
2014-11-24,75.78,79.68
2014-11-25,74.09,78.33
2014-11-26,73.69,77.75
2014-11-28,66.15,70.15
2014-12-01,69.0,72.54
2014-12-02,66.88,70.54
2014-12-03,67.38,69.92
2014-12-04,66.81,69.64
2014-12-05,65.84,69.07
2014-12-08,63.05,66.19
2014-12-09,63.82,66.84
2014-12-10,60.94,64.24
2014-12-11,59.95,63.68
2014-12-12,57.81,61.85
2014-12-15,55.91,61.06
2014-12-16,55.93,59.86
2014-12-17,56.47,61.18
2014-12-18,54.11,59.27
2014-12-19,56.52,61.38
2014-12-22,55.26,60.11
2014-12-23,57.12,61.69
2014-12-24,55.84,60.24
2014-12-26,54.73,59.45
2014-12-29,53.61,57.88
2014-12-30,54.12,57.9
2014-12-31,53.27,57.33
2015-01-02,52.69,56.42
2015-01-05,50.04,53.11
2015-01-06,47.93,51.1
2015-01-07,48.65,51.15
2015-01-08,48.79,50.96
2015-01-09,48.36,50.11
2015-01-12,46.07,47.43
2015-01-13,45.89,46.59
2015-01-14,48.48,48.69
2015-01-15,46.25,47.67
2015-01-16,48.69,50.17
2015-01-20,46.39,47.99
2015-01-21,47.78,49.03
2015-01-22,46.31,48.52
2015-01-23,45.59,48.79
2015-01-26,45.15,48.16
2015-01-27,46.23,49.6
2015-01-28,44.45,48.47
2015-01-29,44.53,49.13
2015-01-30,48.24,52.99
2015-02-02,49.57,54.75
2015-02-03,53.05,57.91
2015-02-04,48.45,54.16
2015-02-05,50.48,56.57
2015-02-06,51.69,57.8
2015-02-09,52.86,58.34
2015-02-10,50.02,56.43
2015-02-11,48.84,54.66
2015-02-12,51.21,57.05
2015-02-13,52.78,61.52
2015-02-17,53.53,62.53
2015-02-18,52.14,60.53
2015-02-19,51.16,60.21
2015-02-20,50.34,60.22
2015-02-23,49.45,58.9
2015-02-24,49.28,58.66
2015-02-25,50.99,61.63
2015-02-26,48.17,60.05
2015-02-27,49.76,62.58
2015-03-02,49.59,59.54
2015-03-03,50.52,61.02
2015-03-04,51.53,60.55
2015-03-05,50.76,60.48
2015-03-06,49.61,59.73
2015-03-09,50.0,58.53
2015-03-10,48.29,56.39
2015-03-11,48.17,57.54
2015-03-12,47.05,57.08
2015-03-13,44.84,54.67
2015-03-16,43.88,53.44
2015-03-17,43.46,53.51
2015-03-18,44.66,55.91
2015-03-19,43.96,54.43
2015-03-20,45.72,55.32
2015-03-23,47.45,55.92
2015-03-24,47.51,55.11
2015-03-25,49.21,56.48
2015-03-26,51.43,59.19
2015-03-27,48.87,56.41
2015-03-30,48.68,56.29
2015-03-31,47.6,55.11
2015-04-01,50.09,57.1
2015-04-02,49.14,54.95
2015-04-06,52.14,58.12
2015-04-07,53.98,59.1
2015-04-08,50.42,55.55
2015-04-09,50.79,56.57
2015-04-10,51.64,57.87
2015-04-13,51.91,57.93
2015-04-14,53.29,58.43
2015-04-15,56.39,60.32
2015-04-16,56.71,63.98
2015-04-17,55.74,63.45
2015-04-20,56.38,63.45
2015-04-21,55.26,62.08
2015-04-22,56.16,62.73
2015-04-23,57.74,64.85
2015-04-24,57.15,65.28
2015-04-27,56.99,64.83
2015-04-28,57.06,64.64
2015-04-29,58.58,65.84
2015-04-30,59.63,66.78
2015-05-01,59.15,66.46
2015-05-04,58.93,66.45
2015-05-05,60.4,67.52
2015-05-06,60.93,67.77
2015-05-07,58.94,65.54
2015-05-08,59.39,65.39
2015-05-11,59.25,64.91
2015-05-12,60.75,66.86
2015-05-13,60.5,66.81
2015-05-14,59.88,66.59
2015-05-15,59.69,66.81
2015-05-18,59.43,66.27
2015-05-19,57.26,64.02
2015-05-20,58.98,65.03
2015-05-21,60.72,66.54
2015-05-22,59.72,65.37
2015-05-26,58.03,63.72
2015-05-27,57.51,62.06
2015-05-28,57.68,62.58
2015-05-29,60.3,65.56
2015-06-01,60.2,64.88
2015-06-02,61.26,65.49
2015-06-03,59.64,63.8
2015-06-04,58.0,62.03
2015-06-05,59.13,63.31
2015-06-08,58.14,62.69
2015-06-09,60.14,64.88
2015-06-10,61.43,65.7
2015-06-11,60.77,65.11
2015-06-12,59.96,63.87
2015-06-15,59.52,62.61
2015-06-16,59.97,63.7
2015-06-17,59.92,63.87
2015-06-18,60.45,64.26
2015-06-19,59.61,63.02
2015-06-22,59.68,63.34
2015-06-23,61.01,64.45
2015-06-24,60.27,63.49
2015-06-25,59.7,63.2
2015-06-26,59.63,63.26
2015-06-29,58.33,62.01
2015-06-30,59.47,63.59
2015-07-01,56.96,62.01
2015-07-02,56.93,62.07
2015-07-06,52.53,56.54
2015-07-07,52.33,56.85
2015-07-08,51.65,57.05
2015-07-09,52.78,58.61
2015-07-10,52.74,58.73
2015-07-13,52.2,57.85
2015-07-14,53.04,58.51
2015-07-15,51.41,57.05
2015-07-16,50.91,57.51
2015-07-17,50.89,57.1
2015-07-20,50.15,56.65
2015-07-21,50.36,57.04
2015-07-22,49.19,56.13
2015-07-23,48.45,55.27
2015-07-24,48.14,54.62
2015-07-27,47.39,53.47
2015-07-28,47.98,53.3
2015-07-29,48.79,53.38
2015-07-30,48.52,53.31
2015-07-31,47.12,52.21
2015-08-03,45.17,49.52
2015-08-04,45.74,49.99
2015-08-05,45.15,49.59
2015-08-06,44.66,49.52
2015-08-07,43.87,48.61
2015-08-10,44.96,50.41
2015-08-11,43.08,49.18
2015-08-12,43.3,49.66
2015-08-13,42.23,49.22
2015-08-14,42.5,49.03
2015-08-17,41.87,48.74
2015-08-18,42.62,48.81
2015-08-19,40.8,47.16
2015-08-20,41.14,46.62
2015-08-21,40.45,45.46
2015-08-24,38.24,42.69
2015-08-25,39.31,43.21
2015-08-26,38.6,43.14
2015-08-27,42.56,47.56
2015-08-28,45.22,50.05
2015-08-31,49.2,54.15
2015-09-01,45.41,49.56
2015-09-02,46.25,50.5
2015-09-03,46.75,50.68
2015-09-04,46.05,49.61
2015-09-08,45.94,49.52
2015-09-09,44.15,47.58
2015-09-10,45.92,48.89
2015-09-11,44.63,48.14
2015-09-14,44.0,46.37
2015-09-15,44.59,46.63
2015-09-16,47.15,49.75
2015-09-17,46.9,49.08
2015-09-18,44.68,47.47
2015-09-21,46.68,48.92
2015-09-22,45.83,49.08
2015-09-23,44.48,47.75
2015-09-24,44.91,48.17
2015-09-25,45.7,48.6
2015-09-28,44.43,47.34
2015-09-29,45.23,48.23
2015-09-30,45.09,48.37
2015-10-01,44.74,47.69
2015-10-02,45.54,48.13
2015-10-05,46.26,49.25
2015-10-06,48.53,51.92
2015-10-07,47.81,51.33
2015-10-08,49.43,53.05
2015-10-09,49.63,52.65
2015-10-12,47.1,49.86
2015-10-13,46.66,49.24
2015-10-14,46.64,49.15
2015-10-15,46.38,48.71
2015-10-16,47.26,50.46
2015-10-19,45.89,48.61
2015-10-20,45.55,48.71
2015-10-21,45.2,47.85
2015-10-22,45.38,48.08
2015-10-23,44.6,47.99
2015-10-26,43.98,47.54
2015-10-27,43.2,46.81
2015-10-28,45.94,49.05
2015-10-29,46.06,48.8
2015-10-30,46.59,49.56
2015-11-02,46.14,48.79
2015-11-03,47.9,50.54
2015-11-04,46.32,48.58
2015-11-05,45.2,47.98
2015-11-06,44.29,47.42
2015-11-09,43.87,47.19
2015-11-10,44.21,47.44
2015-11-11,42.93,45.81
2015-11-12,41.75,44.06
2015-11-13,40.74,43.61
2015-11-16,41.74,44.56
2015-11-17,40.67,43.57
2015-11-18,40.75,44.14
2015-11-19,40.54,44.18
2015-11-20,40.39,44.66
2015-11-23,41.75,44.83
2015-11-24,42.87,46.12
2015-11-25,43.04,46.17
2015-11-27,41.71,44.86
2015-11-30,41.65,44.61
2015-12-01,41.85,44.44
2015-12-02,39.94,42.49
2015-12-03,41.08,43.84
2015-12-04,39.97,43.0
2015-12-07,37.65,40.73
2015-12-08,37.51,40.26
2015-12-09,37.16,40.11
2015-12-10,36.76,39.73
2015-12-11,35.62,37.93
2015-12-14,36.31,37.92
2015-12-15,37.35,38.45
2015-12-16,35.52,37.19
2015-12-17,34.95,37.06
2015-12-18,34.73,36.88
2015-12-21,34.74,36.35
2015-12-22,36.14,36.11
2015-12-23,37.5,37.36
2015-12-24,38.1,37.89
2015-12-28,36.81,36.62
2015-12-29,37.87,37.79
2015-12-30,36.6,36.46
2015-12-31,37.04,37.28
2016-01-04,36.76,37.22
2016-01-05,35.97,36.42
2016-01-06,33.97,34.23
2016-01-07,33.27,33.75
2016-01-08,33.16,33.55
2016-01-11,31.41,31.55
2016-01-12,30.44,30.86
2016-01-13,30.48,30.31
2016-01-14,31.2,31.03
2016-01-15,29.42,28.94
2016-01-19,28.46,28.76
2016-01-20,26.55,27.88
2016-01-21,29.53,29.25
2016-01-22,32.19,32.18
2016-01-25,30.34,30.5
2016-01-26,31.45,31.8
2016-01-27,32.3,33.1
2016-01-28,33.22,33.89
2016-01-29,33.62,34.74
2016-02-01,31.62,34.24
2016-02-02,29.88,32.72
2016-02-03,32.28,35.04
2016-02-04,31.72,34.46
2016-02-05,30.89,34.06
2016-02-08,29.69,32.88
2016-02-09,27.94,30.32
2016-02-10,27.45,30.84
2016-02-11,26.21,30.06
2016-02-12,29.44,33.36
2016-02-16,29.04,32.18
2016-02-17,30.66,34.5
2016-02-18,30.77,34.28
2016-02-19,29.64,33.01
2016-02-22,31.48,34.69
2016-02-23,31.87,33.27
2016-02-24,32.15,34.41
2016-02-25,33.07,35.29
2016-02-26,32.78,35.1
2016-02-29,33.75,35.97
2016-03-01,34.4,36.81
2016-03-02,34.66,36.93
2016-03-03,34.57,37.07
2016-03-04,35.92,38.72
2016-03-07,37.9,40.84
2016-03-08,36.5,39.65
2016-03-09,38.29,41.07
2016-03-10,37.84,40.05
2016-03-11,38.5,40.39
2016-03-14,37.18,39.53
2016-03-15,36.34,38.74
2016-03-16,38.46,40.33
2016-03-17,40.2,41.54
2016-03-18,39.44,41.2
2016-03-21,39.91,41.54
2016-03-22,41.45,41.79
2016-03-23,39.79,40.47
2016-03-24,39.46,40.44
2016-03-28,39.39,40.27
2016-03-29,38.28,39.14
2016-03-30,38.32,39.26
2016-03-31,38.34,39.6
2016-04-01,36.79,38.67
2016-04-04,35.7,37.69
2016-04-05,35.89,37.87
2016-04-06,37.75,39.84
2016-04-07,37.26,39.43
2016-04-08,39.72,41.94
2016-04-11,40.36,42.83
2016-04-12,42.17,44.69
2016-04-13,41.76,44.18
2016-04-14,41.5,43.84
2016-04-15,40.36,43.1
2016-04-18,39.78,42.91
2016-04-19,41.08,44.03
2016-04-20,42.63,45.8
2016-04-21,43.18,44.53
2016-04-22,43.73,45.11
2016-04-25,42.64,44.48
2016-04-26,44.04,45.74
2016-04-27,45.33,47.18
2016-04-28,46.03,48.14
2016-04-29,45.92,48.13
2016-05-02,44.78,45.83
2016-05-03,43.65,44.97
2016-05-04,43.78,44.62
2016-05-05,44.32,45.01
2016-05-06,44.66,45.37
2016-05-09,43.44,43.63
2016-05-10,44.66,45.52
2016-05-11,46.23,47.6
2016-05-12,46.7,48.08
2016-05-13,46.21,47.83
2016-05-16,47.72,48.97
2016-05-17,48.31,49.28
2016-05-18,48.19,48.93
2016-05-19,48.16,48.81
2016-05-20,47.75,48.72
2016-05-23,48.08,48.35
2016-05-24,48.62,48.61
2016-05-25,49.56,49.74
2016-05-26,49.48,49.59
2016-05-27,49.33,49.32
2016-05-31,49.1,49.69
2016-06-01,49.01,49.72
2016-06-02,49.17,50.04
2016-06-03,48.62,49.64
2016-06-06,49.69,50.55
2016-06-07,50.36,51.44
2016-06-08,51.23,52.51
2016-06-09,50.56,51.95
2016-06-10,49.07,50.54
2016-06-13,48.88,50.35
2016-06-14,48.49,49.83
2016-06-15,48.01,48.97
2016-06-16,46.21,47.19
2016-06-17,47.98,49.17
2016-06-20,49.37,50.65
2016-06-21,48.85,50.62
2016-06-22,49.13,49.88
2016-06-23,50.11,50.91
2016-06-24,47.64,48.41
2016-06-27,46.33,47.16
2016-06-28,47.85,48.58
2016-06-29,49.88,50.61
2016-06-30,48.33,49.68
2016-07-01,48.99,50.35
2016-07-05,46.6,47.96
2016-07-06,47.43,48.8
2016-07-07,45.14,46.4
2016-07-08,45.41,46.76
2016-07-11,44.76,46.25
2016-07-12,46.8,48.47
2016-07-13,44.75,46.26
2016-07-14,45.68,47.37
2016-07-15,45.95,47.61
2016-07-18,45.24,46.96
2016-07-19,44.65,46.66
2016-07-20,44.94,47.17
2016-07-21,44.75,46.2
2016-07-22,44.19,45.69
2016-07-25,43.13,44.72
2016-07-26,42.92,44.87
2016-07-27,41.92,43.47
2016-07-28,41.14,42.7
2016-07-29,41.6,42.46
2016-08-01,40.06,42.14
2016-08-02,39.51,41.8
2016-08-03,40.83,43.1
2016-08-04,41.93,44.29
2016-08-05,41.8,44.27
2016-08-08,43.02,45.39
2016-08-09,42.77,44.98
2016-08-10,41.71,44.05
2016-08-11,43.49,46.04
2016-08-12,44.49,46.97
2016-08-15,45.74,48.35
2016-08-16,46.58,49.23
2016-08-17,46.79,49.85
2016-08-18,48.22,50.89
2016-08-19,48.52,50.88
2016-08-22,47.05,49.16
2016-08-23,48.1,49.96
2016-08-24,46.77,49.05
2016-08-25,47.33,49.67
2016-08-26,47.64,49.92
2016-08-29,46.98,49.26
2016-08-30,46.35,48.37
2016-08-31,44.7,47.04
2016-09-01,43.16,45.45
2016-09-02,44.44,46.83
2016-09-06,44.83,47.26
2016-09-07,45.5,47.98
2016-09-08,47.62,49.99
2016-09-09,45.88,48.01
2016-09-12,46.29,48.32
2016-09-13,44.9,47.1
2016-09-14,43.58,45.85
2016-09-15,43.91,46.59
2016-09-16,43.03,45.77
2016-09-19,43.3,45.95
2016-09-20,43.44,45.88
2016-09-21,45.34,46.83
2016-09-22,46.32,47.65
2016-09-23,44.48,45.89
2016-09-26,45.93,47.35
2016-09-27,44.67,45.97
2016-09-28,47.05,48.69
2016-09-29,47.83,49.24
2016-09-30,48.24,49.06
2016-10-03,48.81,50.89
2016-10-04,48.69,50.87
2016-10-05,49.83,51.86
2016-10-06,50.44,52.51
2016-10-07,49.81,51.93
2016-10-10,51.35,53.14
2016-10-11,50.79,52.41
2016-10-12,50.18,51.81
2016-10-13,50.44,52.03
2016-10-14,50.35,51.95
2016-10-17,49.94,51.52
2016-10-18,50.29,51.68
2016-10-19,51.6,52.67
2016-10-20,50.43,51.38
2016-10-21,50.85,51.78
2016-10-24,50.52,51.46
2016-10-25,49.96,50.79
2016-10-26,49.18,49.98
2016-10-27,49.72,50.47
2016-10-28,48.7,49.71
2016-10-31,46.86,48.3
2016-11-01,46.67,48.14
2016-11-02,45.34,46.86
2016-11-03,44.66,46.35
2016-11-04,44.07,45.58
2016-11-07,44.89,46.15
2016-11-08,44.98,46.04
2016-11-09,45.27,46.36
2016-11-10,44.66,45.84
2016-11-11,43.41,44.75
2016-11-14,43.32,44.43
2016-11-15,45.81,46.95
2016-11-16,45.57,46.63
2016-11-17,45.42,46.49
2016-11-18,45.69,46.86
2016-11-21,47.49,48.9
2016-11-22,48.03,49.12
2016-11-23,47.96,48.95
2016-11-25,46.06,47.24
2016-11-28,47.08,48.24
2016-11-29,45.23,46.38
2016-11-30,49.44,50.47
2016-12-01,51.06,53.94
2016-12-02,51.68,54.46
2016-12-05,51.79,54.94
2016-12-06,50.93,53.93
2016-12-07,49.77,53.0
2016-12-08,50.84,53.89
2016-12-09,51.5,54.33
2016-12-12,52.83,55.69
2016-12-13,52.98,55.72
2016-12-14,51.04,53.9
2016-12-15,50.9,54.02
2016-12-16,51.9,55.21
2016-12-19,52.12,54.92
2016-12-20,52.23,55.35
2016-12-21,52.49,54.46
2016-12-22,52.95,55.05
2016-12-23,53.02,55.16
2016-12-27,53.9,56.09
2016-12-28,54.06,56.22
2016-12-29,53.77,56.14
2016-12-30,53.72,56.82
2017-01-03,52.33,55.47
2017-01-04,53.26,56.46
2017-01-05,53.76,56.89
2017-01-06,53.99,57.1
2017-01-09,51.96,54.94
2017-01-10,50.82,53.64
2017-01-11,52.25,55.1
2017-01-12,53.01,56.01
2017-01-13,52.37,55.45
2017-01-17,52.48,55.47
2017-01-18,51.08,53.92
2017-01-19,51.37,54.16
2017-01-20,52.42,55.49
2017-01-23,52.75,55.23
2017-01-24,53.18,55.44
2017-01-25,52.75,55.08
2017-01-26,53.78,56.24
2017-01-27,53.17,55.52
2017-01-30,52.63,55.23
2017-01-31,52.81,55.7
2017-02-01,53.88,56.8
2017-02-02,53.54,56.56
2017-02-03,53.83,56.81
2017-02-06,53.01,55.72
2017-02-07,52.17,55.05
2017-02-08,52.34,55.12
2017-02-09,53.0,55.63
2017-02-10,53.86,56.7
2017-02-13,52.93,55.59
2017-02-14,53.2,55.97
2017-02-15,53.11,55.75
2017-02-16,53.36,55.65
2017-02-17,53.4,55.81
2017-02-21,54.06,56.66
2017-02-22,53.59,55.84
2017-02-23,54.45,56.58
2017-02-24,53.99,55.99
2017-02-27,54.05,55.93
2017-02-28,54.01,55.59
2017-03-01,53.83,56.36
2017-03-02,52.61,55.08
2017-03-03,53.33,55.9
2017-03-06,53.2,56.01
2017-03-07,53.14,55.92
2017-03-08,50.28,53.11
2017-03-09,49.28,52.19
2017-03-10,48.49,51.37
2017-03-13,48.4,51.35
2017-03-14,47.72,50.92
2017-03-15,48.86,51.81
2017-03-16,48.75,51.74
2017-03-17,48.78,51.76
2017-03-20,48.22,51.62
2017-03-21,47.34,50.96
2017-03-22,48.04,50.64
2017-03-23,47.7,50.56
2017-03-24,47.97,50.8
2017-03-27,47.73,50.75
2017-03-28,48.37,51.33
2017-03-29,49.51,52.42
2017-03-30,50.35,52.96
2017-03-31,50.6,52.83
2017-04-03,50.24,53.12
2017-04-04,51.03,54.17
2017-04-05,51.15,54.36
2017-04-06,51.7,54.89
2017-04-07,52.24,55.24
2017-04-10,53.08,55.98
2017-04-11,53.4,56.23
2017-04-12,53.11,55.86
2017-04-13,53.18,55.89
2017-04-17,52.65,55.36
2017-04-18,52.41,54.89
2017-04-19,50.44,52.93
2017-04-20,50.27,52.99
2017-04-21,49.62,51.96
2017-04-24,49.23,51.6
2017-04-25,49.56,52.1
2017-04-26,49.62,51.82
2017-04-27,48.97,51.44
2017-04-28,49.33,51.73
2017-05-01,48.84,51.52
2017-05-02,47.66,50.46
2017-05-03,47.82,50.79
2017-05-04,45.52,48.38
2017-05-05,46.22,49.1
2017-05-08,46.43,49.34
2017-05-09,45.88,48.73
2017-05-10,47.33,50.22
2017-05-11,47.83,50.77
2017-05-12,47.84,50.84
2017-05-15,48.85,51.82
2017-05-16,48.66,51.65
2017-05-17,49.07,52.21
2017-05-18,49.35,52.51
2017-05-19,50.33,53.61
2017-05-22,50.73,53.87
2017-05-23,51.47,54.15
2017-05-24,51.36,53.96
2017-05-25,48.9,51.46
2017-05-26,49.8,52.15
2017-05-30,49.66,51.84
2017-05-31,48.32,50.31
2017-06-01,48.36,50.63
2017-06-02,47.66,49.95
2017-06-05,47.4,49.47
2017-06-06,48.19,50.12
2017-06-07,45.72,48.06
2017-06-08,45.64,47.86
2017-06-09,45.83,48.15
2017-06-12,46.08,48.29
2017-06-13,46.46,48.72
2017-06-14,44.73,47.0
2017-06-15,44.46,46.92
2017-06-16,44.74,47.37
2017-06-19,44.2,46.91
2017-06-20,43.23,46.02
2017-06-21,42.53,44.82
2017-06-22,42.74,45.22
2017-06-23,43.01,45.54
2017-06-26,43.38,45.83
2017-06-27,44.24,46.65
2017-06-28,44.74,47.31
2017-06-29,44.93,47.42
2017-06-30,46.04,47.92
2017-07-03,47.07,49.68
2017-07-05,45.13,47.79
2017-07-06,45.52,48.11
2017-07-07,44.23,46.71
2017-07-10,44.4,46.88
2017-07-11,45.04,47.52
2017-07-12,45.49,47.74
2017-07-13,46.08,48.42
2017-07-14,46.54,48.91
2017-07-17,46.02,48.42
2017-07-18,46.4,48.84
2017-07-19,47.12,49.7
2017-07-20,46.79,49.3
2017-07-21,45.77,48.06
2017-07-24,46.34,48.6
2017-07-25,47.89,50.2
2017-07-26,48.75,50.97
2017-07-27,49.04,51.49
2017-07-28,49.71,52.52
2017-07-31,50.17,52.65
2017-08-01,49.16,51.78
2017-08-02,49.59,52.36
2017-08-03,49.03,52.01
2017-08-04,49.58,52.42
2017-08-07,49.39,52.37
2017-08-08,49.17,52.14
2017-08-09,49.56,52.7
2017-08-10,48.59,51.9
2017-08-11,48.82,52.1
2017-08-14,47.59,50.73
2017-08-15,47.55,50.8
2017-08-16,46.78,50.27
2017-08-17,47.09,51.03
2017-08-18,48.51,52.72
2017-08-21,47.37,51.66
2017-08-22,47.64,51.87
2017-08-23,48.41,52.57
2017-08-24,47.43,52.04
2017-08-25,47.87,52.41
2017-08-28,46.57,51.89
2017-08-29,46.44,52.0
2017-08-30,45.96,50.86
2017-08-31,47.23,52.38
2017-09-01,47.29,52.75
2017-09-05,48.66,53.38
2017-09-06,49.16,54.2
2017-09-07,49.09,54.49
2017-09-08,47.48,53.78
2017-09-11,48.07,53.84
2017-09-12,48.23,54.27
2017-09-13,49.3,55.16
2017-09-14,49.89,55.47
2017-09-15,49.89,55.62
2017-09-18,49.91,55.48
2017-09-19,49.48,55.14
2017-09-20,50.41,56.29
2017-09-21,50.55,56.43
2017-09-22,50.66,56.86
2017-09-25,52.22,59.02
2017-09-26,51.88,58.44
2017-09-27,52.14,57.9
2017-09-28,51.56,57.41
2017-09-29,51.67,57.54
2017-10-02,50.58,56.12
2017-10-03,50.42,56.0
2017-10-04,49.98,55.8
2017-10-05,50.79,57.0
2017-10-06,49.29,55.62
2017-10-09,49.58,55.79
2017-10-10,50.92,56.61
2017-10-11,51.3,56.94
2017-10-12,50.6,56.25
2017-10-13,51.45,57.17
2017-10-16,51.87,57.82
2017-10-17,51.88,57.88
2017-10-18,52.04,58.15
2017-10-19,51.29,57.23
2017-10-20,51.47,57.75
2017-10-23,51.9,57.37
2017-10-24,52.47,58.33
2017-10-25,52.18,58.44
2017-10-26,52.64,59.3
2017-10-27,53.9,60.44
2017-10-30,54.15,60.9
2017-10-31,54.38,61.37
2017-11-01,54.3,60.49
2017-11-02,54.54,60.62
2017-11-03,55.64,62.07
2017-11-06,57.35,64.27
2017-11-07,57.2,63.69
2017-11-08,56.81,63.49
2017-11-09,57.17,63.93
2017-11-10,56.74,63.52
2017-11-13,56.76,63.16
2017-11-14,55.7,62.21
2017-11-15,55.33,61.87
2017-11-16,55.14,61.36
2017-11-17,56.55,62.72
2017-11-20,56.09,62.22
2017-11-21,56.83,62.57
2017-11-22,58.02,63.32
2017-11-24,58.95,63.86
2017-11-27,58.11,63.84
2017-11-28,57.99,63.61
2017-11-29,57.3,63.11
2017-11-30,57.4,63.57
2017-12-01,58.36,63.73
2017-12-04,57.47,62.45
2017-12-05,57.62,62.86
2017-12-06,55.96,61.22
2017-12-07,56.69,62.2
2017-12-08,57.36,63.4
2017-12-11,57.99,64.69
2017-12-12,57.14,63.34
2017-12-13,56.6,62.44
2017-12-14,57.04,63.31
2017-12-15,57.3,63.23
2017-12-18,57.16,63.41
2017-12-19,57.46,63.8
2017-12-20,58.09,64.56
2017-12-21,58.36,64.9
2017-12-22,58.47,65.25
2017-12-26,59.97,67.02
2017-12-27,59.64,66.44
2017-12-28,59.84,66.72
2017-12-29,60.42,66.87
2018-01-02,60.37,66.57
2018-01-03,61.63,67.84
2018-01-04,62.01,68.07
2018-01-05,61.44,67.62
2018-01-08,61.73,67.78
2018-01-09,62.96,68.82
2018-01-10,63.57,69.2
2018-01-11,63.8,69.26
2018-01-12,64.3,69.87
2018-01-16,63.73,69.15
2018-01-17,63.97,69.38
2018-01-18,63.95,69.31
2018-01-19,63.37,68.61
2018-01-22,63.49,69.03
2018-01-23,64.47,69.96
2018-01-24,65.61,70.53
2018-01-25,65.51,70.42
2018-01-26,66.14,70.52
2018-01-29,65.56,69.46
2018-01-30,64.5,69.02
2018-01-31,64.73,69.05
2018-02-01,65.8,69.65
2018-02-02,65.45,68.58
2018-02-05,64.15,67.62
2018-02-06,63.39,66.86
2018-02-07,61.79,65.51
2018-02-08,61.15,64.81
2018-02-09,59.2,62.79
2018-02-12,59.29,62.59
2018-02-13,59.19,62.72
2018-02-14,60.6,64.36
2018-02-15,61.34,64.33
2018-02-16,61.68,64.84
2018-02-20,61.9,65.25
2018-02-21,61.68,65.42
2018-02-22,62.77,66.39
2018-02-23,63.55,67.31
2018-02-26,63.91,67.5
2018-02-27,63.01,66.63
2018-02-28,61.64,65.78
2018-03-01,60.99,63.83
2018-03-02,61.25,64.37
2018-03-05,62.57,65.54
2018-03-06,62.6,65.79
2018-03-07,61.15,64.34
2018-03-08,60.12,63.61
2018-03-09,62.04,65.49
2018-03-12,61.36,64.95
2018-03-13,60.71,64.64
2018-03-14,60.96,64.89
2018-03-15,61.19,65.12
2018-03-16,62.34,66.21
2018-03-19,62.06,66.05
2018-03-20,63.4,67.42
2018-03-21,65.17,69.47
2018-03-22,64.3,68.91
2018-03-23,65.88,70.45
2018-03-26,65.55,70.12
2018-03-27,65.25,70.11
2018-03-28,64.38,69.53
2018-03-29,64.94,70.27
2018-04-02,63.01,67.64
2018-04-03,63.51,68.12
2018-04-04,63.37,68.02
2018-04-05,63.54,68.33
2018-04-06,62.06,67.11
2018-04-09,63.42,68.65
2018-04-10,65.51,71.04
2018-04-11,66.82,72.06
2018-04-12,67.07,72.02
2018-04-13,67.39,72.58
2018-04-16,66.22,71.42
2018-04-17,66.52,71.58
2018-04-18,68.47,73.48
2018-04-19,68.29,73.78
2018-04-20,68.38,74.06
2018-04-23,68.64,74.71
2018-04-24,67.7,73.86
2018-04-25,68.05,74.0
2018-04-26,68.19,74.74
2018-04-27,68.1,74.64
2018-04-30,68.57,75.17
2018-05-01,67.25,73.13
2018-05-02,67.93,73.36
2018-05-03,68.43,73.62
2018-05-04,69.72,74.87
2018-05-07,70.73,76.17
2018-05-08,69.06,74.85
2018-05-09,71.14,77.21
2018-05-10,71.36,77.47
2018-05-11,70.7,77.12
2018-05-14,70.96,78.23
2018-05-15,71.31,78.43
2018-05-16,71.49,79.28
2018-05-17,71.49,79.3
2018-05-18,71.28,78.51
2018-05-21,72.24,79.22
2018-05-22,72.13,79.57
2018-05-23,71.84,79.8
2018-05-24,70.71,78.79
2018-05-25,67.88,76.44
2018-05-29,66.73,75.39
2018-05-30,68.21,77.5
2018-05-31,67.04,77.59
2018-06-01,65.81,76.79
2018-06-04,64.75,75.29
2018-06-05,65.52,75.38
2018-06-06,64.73,75.36
2018-06-07,65.95,77.32
2018-06-08,65.74,76.46
2018-06-11,66.1,76.46
2018-06-12,66.36,75.88
2018-06-13,66.64,76.74
2018-06-14,66.89,75.94
2018-06-15,65.06,73.44
2018-06-18,65.85,75.34
2018-06-19,65.07,75.08
2018-06-20,66.22,74.74
2018-06-21,65.54,73.05
2018-06-22,68.58,75.55
2018-06-25,68.08,74.73
2018-06-26,70.53,76.31
2018-06-27,72.76,77.62
2018-06-28,73.45,77.85
2018-06-29,74.15,79.44
2018-07-02,73.94,77.3
2018-07-03,74.14,77.76
2018-07-05,72.94,77.39
2018-07-06,73.8,77.11
2018-07-09,73.85,78.07
2018-07-10,74.11,78.86
2018-07-11,70.38,73.4
2018-07-12,70.33,74.45
2018-07-13,71.01,75.33
2018-07-16,68.06,71.84
2018-07-17,68.08,72.16
2018-07-18,68.76,72.9
2018-07-19,69.46,72.58
2018-07-20,70.46,73.07
2018-07-23,67.89,73.06
2018-07-24,68.52,73.44
2018-07-25,69.3,73.93
2018-07-26,69.61,74.54
2018-07-27,68.69,74.29
2018-07-30,70.13,74.97
2018-07-31,68.76,74.25
2018-08-01,67.66,72.39
2018-08-02,68.96,73.45
2018-08-03,68.49,73.21
2018-08-06,69.01,73.75
2018-08-07,69.17,74.65
2018-08-08,66.94,72.28
2018-08-09,66.81,72.07
2018-08-10,67.63,72.81
2018-08-13,67.2,72.61
2018-08-14,67.04,72.46
2018-08-15,65.01,70.76
2018-08-16,65.46,71.43
2018-08-17,65.91,71.83
2018-08-20,66.43,72.21
2018-08-21,67.35,72.63
2018-08-22,67.86,74.78
2018-08-23,67.83,74.73
2018-08-24,68.72,75.82
2018-08-27,68.87,76.21
2018-08-28,68.53,75.95
2018-08-29,69.51,77.14
2018-08-30,70.25,77.77
2018-08-31,69.8,77.42
2018-09-04,69.87,78.17
2018-09-05,68.72,77.27
2018-09-06,67.77,76.5
2018-09-07,67.75,76.83
2018-09-10,67.54,77.37
2018-09-11,69.25,79.06
2018-09-12,70.37,79.74
2018-09-13,68.59,78.18
2018-09-14,68.99,78.09
2018-09-17,68.91,78.05
2018-09-18,69.85,79.03
2018-09-19,71.12,79.4
2018-09-20,70.8,78.7
2018-09-21,70.78,78.8
2018-09-24,72.08,81.2
2018-09-25,72.28,81.87
2018-09-26,71.57,81.34
2018-09-27,72.12,81.72
2018-09-28,73.25,82.72
2018-10-01,75.3,84.98
2018-10-02,75.23,84.8
2018-10-03,76.41,86.29
2018-10-04,74.33,84.58
2018-10-05,74.34,84.16
2018-10-08,74.29,83.91
2018-10-09,74.96,85.0
2018-10-10,73.17,83.09
2018-10-11,70.97,80.26
2018-10-12,71.34,80.43
2018-10-15,71.78,80.78
2018-10-16,71.92,81.41
2018-10-17,69.75,80.05
2018-10-18,68.65,79.29
2018-10-19,69.12,79.78
2018-10-22,69.17,79.83
2018-10-23,66.43,76.44
2018-10-24,66.82,76.17
2018-10-25,67.33,76.89
2018-10-26,67.59,77.62
2018-10-29,67.04,77.34
2018-10-30,66.18,75.91
2018-10-31,65.31,75.47
2018-11-01,63.69,72.89
2018-11-02,63.14,72.83
2018-11-05,63.1,73.17
2018-11-06,62.21,72.13
2018-11-07,61.67,72.07
2018-11-08,60.67,70.65
2018-11-09,60.19,70.18
2018-11-12,59.93,70.12
2018-11-13,55.69,65.47
2018-11-14,56.25,66.12
2018-11-15,56.46,66.62
2018-11-16,56.46,66.76
2018-11-19,56.76,66.79
2018-11-20,53.43,62.53
2018-11-21,54.63,63.48
2018-11-23,50.42,58.8
2018-11-26,51.63,60.48
2018-11-27,51.56,60.21
2018-11-28,50.29,58.76
2018-11-29,51.45,59.51
2018-11-30,50.93,58.71
2018-12-03,52.95,61.69
2018-12-04,53.25,62.08
2018-12-05,52.89,61.56
2018-12-06,51.49,60.06
2018-12-07,52.61,61.67
2018-12-10,51.0,59.97
2018-12-11,51.65,60.2
2018-12-12,51.15,60.15
2018-12-13,52.58,61.45
2018-12-14,51.2,60.28
2018-12-17,49.88,59.61
2018-12-18,46.24,56.26
2018-12-19,47.2,57.24
2018-12-20,45.88,54.35
2018-12-21,45.59,53.82
2018-12-24,42.53,50.47
2018-12-26,46.22,54.47
2018-12-27,44.61,52.16
2018-12-28,45.33,52.2
2018-12-31,45.41,53.8
2019-01-02,46.54,54.91
2019-01-03,47.09,55.95
2019-01-04,47.96,57.06
2019-01-07,48.52,57.33
2019-01-08,49.78,58.72
2019-01-09,52.36,61.44
2019-01-10,52.59,61.68
2019-01-11,51.59,60.48
2019-01-14,50.51,58.99
2019-01-15,52.11,60.64
2019-01-16,52.31,61.32
2019-01-17,52.07,61.18
2019-01-18,53.8,62.7
2019-01-22,52.57,61.5
2019-01-23,52.62,61.14
2019-01-24,53.13,61.09
2019-01-25,53.69,61.64
2019-01-28,51.99,59.93
2019-01-29,53.31,61.32
2019-01-30,54.23,61.65
2019-01-31,53.79,61.89
2019-02-01,55.26,62.75
2019-02-04,54.56,62.51
2019-02-05,53.66,61.98
2019-02-06,54.01,62.69
2019-02-07,52.64,61.63
2019-02-08,52.72,62.1
2019-02-11,52.41,61.51
2019-02-12,53.1,62.42
2019-02-13,53.9,63.61
2019-02-14,54.41,64.57
2019-02-15,55.59,66.25
2019-02-19,56.09,66.45
2019-02-20,56.92,67.08
2019-02-21,56.96,67.07
2019-02-22,57.26,67.12
2019-02-25,55.48,64.76
2019-02-26,55.5,65.21
2019-02-27,56.94,66.39
2019-02-28,57.22,66.03
2019-03-01,55.8,65.07
2019-03-04,56.59,65.67
2019-03-05,56.56,65.86
2019-03-06,56.22,65.99
2019-03-07,56.66,66.3
2019-03-08,56.07,65.74
2019-03-11,56.79,66.58
2019-03-12,56.87,66.67
2019-03-13,58.26,67.55
2019-03-14,58.61,67.23
2019-03-15,58.52,67.16
2019-03-18,59.09,67.54
2019-03-19,59.03,67.61
2019-03-20,59.83,68.5
2019-03-21,59.98,67.86
2019-03-22,59.04,67.03
2019-03-25,58.82,67.21
2019-03-26,59.94,67.97
2019-03-27,59.41,67.83
2019-03-28,59.3,67.82
2019-03-29,60.14,68.39
2019-04-01,61.59,69.01
2019-04-02,62.58,69.37
2019-04-03,62.46,69.31
2019-04-04,62.1,69.4
2019-04-05,63.08,70.34
2019-04-08,64.4,71.1
2019-04-09,63.98,70.61
2019-04-10,64.61,71.73
2019-04-11,63.58,70.83
2019-04-12,63.89,71.55
2019-04-15,63.4,71.18
2019-04-16,64.05,71.72
2019-04-17,63.76,71.62
2019-04-18,64.0,71.97
2019-04-22,65.7,74.04
2019-04-23,66.3,74.51
2019-04-24,65.89,74.57
2019-04-25,65.21,74.35
2019-04-26,63.3,72.15
2019-04-29,63.5,72.04
2019-04-30,63.91,72.8
2019-05-01,63.6,72.18
2019-05-02,61.81,70.75
2019-05-03,61.94,70.85
2019-05-06,62.25,71.24
2019-05-07,61.4,69.88
2019-05-08,62.12,70.37
2019-05-09,61.7,70.39
2019-05-10,61.66,70.62
2019-05-13,61.04,70.23
2019-05-14,61.78,71.24
2019-05-15,62.02,71.77
2019-05-16,62.87,72.62
2019-05-17,62.76,72.21
2019-05-20,63.1,71.97
2019-05-21,62.99,72.18
2019-05-22,61.42,70.99
2019-05-23,57.91,67.76
2019-05-24,58.63,68.69
2019-05-28,59.14,70.11
2019-05-29,58.81,69.45
2019-05-30,56.59,66.87
2019-05-31,53.5,64.49
2019-06-03,53.25,61.28
2019-06-04,53.48,61.97
2019-06-05,51.68,60.63
2019-06-06,52.59,61.67
2019-06-07,53.99,63.29
2019-06-10,53.26,62.29
2019-06-11,53.27,62.29
2019-06-12,51.14,59.97
2019-06-13,52.28,61.31
2019-06-14,52.51,62.01
2019-06-17,51.93,60.94
2019-06-18,53.9,62.14
2019-06-19,53.76,61.82
2019-06-20,56.65,64.45
2019-06-21,57.43,65.2
2019-06-24,57.9,64.86
2019-06-25,57.83,65.05
2019-06-26,59.38,66.49
2019-06-27,59.43,66.55
2019-06-28,58.47,66.55
2019-07-01,59.09,65.06
2019-07-02,56.25,62.4
2019-07-03,57.34,63.82
2019-07-05,57.51,64.23
2019-07-08,57.66,64.11
2019-07-09,57.83,64.16
2019-07-10,60.43,67.01
2019-07-11,60.2,66.52
2019-07-12,60.21,66.72
2019-07-15,59.58,66.48
2019-07-16,57.62,64.35
2019-07-17,56.78,63.66
2019-07-18,55.3,61.93
2019-07-19,55.63,62.47
2019-07-22,56.22,63.26
2019-07-23,56.77,63.83
2019-07-24,55.88,63.18
2019-07-25,56.02,63.39
2019-07-26,56.2,63.46
2019-07-29,56.87,63.71
2019-07-30,58.05,64.72
2019-07-31,58.58,65.17
2019-08-01,53.95,60.5
2019-08-02,55.66,61.89
2019-08-05,54.69,59.81
2019-08-06,53.63,58.94
2019-08-07,51.09,56.23
2019-08-08,52.54,57.38
2019-08-09,54.5,58.53
2019-08-12,54.93,58.57
2019-08-13,57.1,61.3
2019-08-14,55.23,59.48
2019-08-15,54.47,58.23
2019-08-16,54.87,58.64
2019-08-19,56.21,59.74
2019-08-20,56.34,60.03
2019-08-21,55.68,60.3
2019-08-22,55.35,59.92
2019-08-23,54.17,59.34
2019-08-26,53.64,58.7
2019-08-27,54.93,59.51
2019-08-28,55.78,60.49
2019-08-29,56.71,61.08
2019-08-30,55.1,60.43
2019-09-03,53.94,58.26
2019-09-04,56.26,60.7
2019-09-05,56.3,60.95
2019-09-06,56.52,61.54
2019-09-09,57.85,62.59
2019-09-10,57.4,62.38
2019-09-11,55.75,60.81
2019-09-12,55.09,60.38
2019-09-13,54.85,60.22
2019-09-16,62.9,69.02
2019-09-17,59.34,64.55
2019-09-18,58.11,63.6
2019-09-19,58.13,64.4
2019-09-20,58.09,64.28
2019-09-23,58.64,64.77
2019-09-24,57.29,63.1
2019-09-25,56.49,62.39
2019-09-26,56.41,62.74
2019-09-27,55.91,61.91
2019-09-30,54.07,60.78
2019-10-01,53.62,58.89
2019-10-02,52.64,57.69
2019-10-03,52.45,57.71
2019-10-04,52.81,58.37
2019-10-07,52.75,58.35
2019-10-08,52.63,58.24
2019-10-09,52.59,58.32
2019-10-10,53.55,59.1
2019-10-11,54.7,60.51
2019-10-14,53.59,59.35
2019-10-15,52.81,58.74
2019-10-16,53.36,59.42
2019-10-17,53.93,59.91
2019-10-18,53.78,59.42
2019-10-21,53.31,58.96
2019-10-22,54.16,59.7
2019-10-23,55.97,61.17
2019-10-24,56.23,61.67
2019-10-25,56.66,62.02
2019-10-28,55.81,61.57
2019-10-29,55.54,61.59
2019-10-30,55.06,60.61
2019-10-31,54.18,60.23
2019-11-01,56.2,61.69
2019-11-04,56.54,62.13
2019-11-05,57.23,62.96
2019-11-06,56.35,61.74
2019-11-07,57.15,62.29
2019-11-08,57.24,62.51
2019-11-11,56.86,62.18
2019-11-12,56.8,62.06
2019-11-13,57.12,62.37
2019-11-14,56.77,62.28
2019-11-15,57.72,63.3
2019-11-18,57.05,62.44
2019-11-19,55.21,60.91
2019-11-20,57.11,62.4
2019-11-21,58.58,63.97
2019-11-22,57.77,63.39
2019-11-25,58.01,63.65
2019-11-26,58.41,64.27
2019-11-27,58.11,64.06
2019-11-29,55.17,62.43
2019-12-02,55.96,60.92
2019-12-03,56.1,60.82
2019-12-04,58.43,63.0
2019-12-05,58.43,63.39
2019-12-06,59.2,64.39
2019-12-09,59.02,64.25
2019-12-10,59.24,64.34
2019-12-11,58.76,63.72
2019-12-12,59.18,64.2
2019-12-13,60.07,65.22
2019-12-16,60.21,65.34
2019-12-17,60.94,66.1
2019-12-18,60.93,66.17
2019-12-19,61.22,66.54
2019-12-20,60.44,66.14
2019-12-23,60.52,66.39
2019-12-24,61.11,67.2
2019-12-26,61.68,67.92
2019-12-27,61.72,68.16
2019-12-30,61.68,68.44
2019-12-31,61.06,66.0
2020-01-02,61.18,66.25
2020-01-03,63.05,68.6
2020-01-06,63.27,68.91
2020-01-07,62.7,68.27
2020-01-08,59.61,65.44
2020-01-09,59.56,65.37
2020-01-10,59.04,64.98
2020-01-13,58.08,64.2
2020-01-14,58.23,64.49
2020-01-15,57.81,64.0
2020-01-16,58.52,64.62
2020-01-17,58.54,64.85
2020-01-21,58.34,64.59
2020-01-22,56.74,63.21
2020-01-23,55.59,62.04
2020-01-24,54.19,60.69
2020-01-27,53.14,59.32
2020-01-28,53.48,59.51
2020-01-29,53.33,59.81
2020-01-30,52.14,58.29
2020-01-31,51.56,58.16
2020-02-03,50.11,54.45
2020-02-04,49.61,53.96
2020-02-05,50.75,55.28
2020-02-06,50.95,54.93
2020-02-07,50.32,54.47
2020-02-10,49.57,53.27
2020-02-11,49.94,54.01
2020-02-12,51.17,55.79
2020-02-13,51.42,56.34
2020-02-14,52.05,57.32
2020-02-18,52.05,57.75
2020-02-19,53.29,59.12
2020-02-20,53.78,59.31
2020-02-21,53.38,58.5
2020-02-24,51.43,56.3
2020-02-25,49.9,54.95
2020-02-26,48.73,53.43
2020-02-27,47.09,52.18
2020-02-28,44.76,50.52
2020-03-02,46.75,51.9
2020-03-03,47.18,51.86
2020-03-04,46.78,51.13
2020-03-05,45.9,49.99
2020-03-06,41.28,45.27
2020-03-09,31.13,34.36
2020-03-10,34.36,37.22
2020-03-11,32.98,35.79
2020-03-12,31.5,33.22
2020-03-13,31.73,33.85
2020-03-16,28.7,30.05
2020-03-17,26.95,28.73
2020-03-18,20.37,24.88
2020-03-19,25.22,28.47
2020-03-20,22.43,26.98
2020-03-23,23.36,27.03
2020-03-24,24.01,27.15
2020-03-25,24.49,27.39
2020-03-26,22.6,26.34
2020-03-27,21.51,24.93
2020-03-30,20.09,22.76
2020-03-31,20.48,22.74
2020-04-01,20.31,24.74
2020-04-02,25.32,29.94
2020-04-03,28.34,34.11
2020-04-06,26.08,33.05
2020-04-07,23.63,31.87
2020-04-08,25.09,32.84
2020-04-09,22.76,31.48
2020-04-13,22.41,31.74
2020-04-14,20.11,29.6
2020-04-15,19.87,27.69
2020-04-16,19.87,27.82
2020-04-17,18.27,28.08
2020-04-20,-37.63,25.57
2020-04-21,10.01,19.33
2020-04-22,13.78,20.37
2020-04-23,16.5,21.33
2020-04-24,16.94,21.44
2020-04-27,12.78,19.99
2020-04-28,12.34,20.46
2020-04-29,15.06,22.54
2020-04-30,18.84,25.27
2020-05-01,19.78,26.44
2020-05-04,20.39,27.2
2020-05-05,24.56,30.97
2020-05-06,23.99,29.72
2020-05-07,23.55,29.46
2020-05-08,24.74,30.97
2020-05-11,24.14,29.63
2020-05-12,25.78,29.98
2020-05-13,25.29,29.19
2020-05-14,27.56,31.13
2020-05-15,29.43,32.5
2020-05-18,31.82,34.81
2020-05-19,32.5,34.65
2020-05-20,33.49,35.75
2020-05-21,33.92,36.06
2020-05-22,33.25,35.13
2020-05-26,34.35,36.17
2020-05-27,32.81,34.74
2020-05-28,33.71,35.29
2020-05-29,35.49,35.33
2020-06-01,35.44,38.32
2020-06-02,36.81,39.57
2020-06-03,37.29,39.79
2020-06-04,37.41,39.99
2020-06-05,39.55,42.3
2020-06-08,38.19,40.8
2020-06-09,38.94,41.18
2020-06-10,39.6,41.73
2020-06-11,36.34,38.55
2020-06-12,36.26,38.73
2020-06-15,37.12,39.72
2020-06-16,38.38,40.96
2020-06-17,37.96,40.71
2020-06-18,38.84,41.51
2020-06-19,39.75,42.19
2020-06-22,40.46,43.08
2020-06-23,40.37,42.63
2020-06-24,38.01,40.31
2020-06-25,38.72,41.05
2020-06-26,38.49,41.02
2020-06-29,39.7,41.71
2020-06-30,39.27,41.15
2020-07-01,39.82,42.03
2020-07-02,40.65,43.14
2020-07-06,40.63,43.1
2020-07-07,40.62,43.08
2020-07-08,40.9,43.29
2020-07-09,39.62,42.35
2020-07-10,40.55,43.24
2020-07-13,40.1,42.72
2020-07-14,40.29,42.9
2020-07-15,41.2,43.79
2020-07-16,40.75,43.37
2020-07-17,40.59,43.14
2020-07-20,40.81,43.28
2020-07-21,41.96,44.32
2020-07-22,41.9,44.29
2020-07-23,41.07,43.31
2020-07-24,41.29,43.34
2020-07-27,41.6,43.41
2020-07-28,41.04,43.22
2020-07-29,41.27,43.75
2020-07-30,39.92,42.94
2020-07-31,40.27,43.3
2020-08-03,41.01,44.15
2020-08-04,41.7,44.43
2020-08-05,42.19,45.17
2020-08-06,41.95,45.09
2020-08-07,41.22,44.4
2020-08-10,41.94,44.99
2020-08-11,41.61,44.5
2020-08-12,42.67,45.43
2020-08-13,42.24,44.96
2020-08-14,42.01,44.8
2020-08-17,42.89,45.37
2020-08-18,42.89,45.46
2020-08-19,42.93,45.37
2020-08-20,42.58,44.9
2020-08-21,42.34,44.35
2020-08-24,42.62,45.13
2020-08-25,43.35,45.86
2020-08-26,43.39,45.64
2020-08-27,43.04,45.09
2020-08-28,42.97,45.05
2020-08-31,42.61,45.28
2020-09-01,42.76,45.58
2020-09-02,41.51,44.43
2020-09-03,41.37,44.07
2020-09-04,39.77,42.66
2020-09-08,36.76,39.78
2020-09-09,38.05,40.79
2020-09-10,37.3,40.06
2020-09-11,37.33,39.83
2020-09-14,37.26,39.61
2020-09-15,38.28,40.53
2020-09-16,40.16,42.22
2020-09-17,40.97,43.3
2020-09-18,41.11,43.15
2020-09-21,39.31,41.44
2020-09-22,39.6,41.72
2020-09-23,39.93,41.77
2020-09-24,40.31,41.94
2020-09-25,40.25,41.92
2020-09-28,40.6,42.43
2020-09-29,39.29,41.03
2020-09-30,40.22,40.95
2020-10-01,38.72,40.93
2020-10-02,37.05,39.27
2020-10-05,39.22,41.29
2020-10-06,40.67,42.65
2020-10-07,39.95,41.99
2020-10-08,41.19,43.34
2020-10-09,40.6,42.85
2020-10-12,39.43,41.72
2020-10-13,40.2,42.45
2020-10-14,41.04,43.32
2020-10-15,40.96,43.16
2020-10-16,40.88,42.93
2020-10-19,40.83,42.62
2020-10-20,41.46,43.16
2020-10-21,40.03,41.73
2020-10-22,40.64,42.46
2020-10-23,39.85,41.77
2020-10-26,38.56,40.46
2020-10-27,39.57,41.2
2020-10-28,37.39,39.12
2020-10-29,36.17,37.65
2020-10-30,35.79,37.46
2020-11-02,36.81,38.97
2020-11-03,37.66,39.71
2020-11-04,39.15,41.23
2020-11-05,38.79,40.93
2020-11-06,37.14,39.45
2020-11-09,40.29,42.4
2020-11-10,41.36,43.61
2020-11-11,41.45,43.8
2020-11-12,41.12,43.53
2020-11-13,40.13,42.78
2020-11-16,41.34,43.82
2020-11-17,41.43,43.75
2020-11-18,41.82,44.34
2020-11-19,41.74,44.2
2020-11-20,42.15,44.96
2020-11-23,43.06,46.06
2020-11-24,44.91,47.86
2020-11-25,45.71,48.61
2020-11-27,45.53,48.18
2020-11-30,45.34,47.59
2020-12-01,44.55,47.42
2020-12-02,45.28,48.25
2020-12-03,45.64,48.71
2020-12-04,46.26,49.25
2020-12-07,45.76,48.79
2020-12-08,45.6,48.84
2020-12-09,45.52,48.86
2020-12-10,46.78,50.25
2020-12-11,46.57,49.97
2020-12-14,46.99,50.29
2020-12-15,47.62,50.76
2020-12-16,47.82,51.08
2020-12-17,48.36,51.5
2020-12-18,49.1,52.26
2020-12-21,47.74,50.91
2020-12-22,47.02,50.08
2020-12-23,48.12,51.2
2020-12-24,48.23,51.29
2020-12-28,47.62,50.86
2020-12-29,48.0,51.09
2020-12-30,48.4,51.34
2020-12-31,48.52,51.8
2021-01-04,47.62,51.09
2021-01-05,49.93,53.6
2021-01-06,50.63,54.3
2021-01-07,50.83,54.38
2021-01-08,52.24,55.99
2021-01-11,52.25,55.66
2021-01-12,53.21,56.58
2021-01-13,52.91,56.06
2021-01-14,53.57,56.42
2021-01-15,52.36,55.1
2021-01-19,52.98,55.9
2021-01-20,53.24,56.08
2021-01-21,53.13,56.1
2021-01-22,52.27,55.41
2021-01-25,52.77,55.88
2021-01-26,52.61,55.91
2021-01-27,52.85,55.81
2021-01-28,52.34,55.53
2021-01-29,52.2,55.88
2021-02-01,53.55,56.35
2021-02-02,54.76,57.46
2021-02-03,55.69,58.46
2021-02-04,56.23,58.84
2021-02-05,56.85,59.34
2021-02-08,57.97,60.56
2021-02-09,58.36,61.09
2021-02-10,58.68,61.47
2021-02-11,58.24,61.14
2021-02-12,59.47,62.43
2021-02-16,60.05,63.35
2021-02-17,61.14,64.34
2021-02-18,60.52,63.93
2021-02-19,59.24,62.91
2021-02-22,61.49,65.24
2021-02-23,61.67,65.37
2021-02-24,63.22,67.04
2021-02-25,63.53,66.88
2021-02-26,61.5,66.13
2021-03-01,60.64,63.69
2021-03-02,59.75,62.7
2021-03-03,61.28,64.07
2021-03-04,63.83,66.74
2021-03-05,66.09,69.36
2021-03-08,65.05,68.24
2021-03-09,64.01,67.52
2021-03-10,64.44,67.9
2021-03-11,66.02,69.63
2021-03-12,65.61,69.22
2021-03-15,65.39,68.88
2021-03-16,64.8,68.39
2021-03-17,64.6,68.0
2021-03-18,60.0,63.28
2021-03-19,61.42,64.53
2021-03-22,61.55,64.62
2021-03-23,57.76,60.79
2021-03-24,61.18,64.41
2021-03-25,58.56,61.95
2021-03-26,60.97,64.57
2021-03-29,61.56,64.98
2021-03-30,60.55,64.14
2021-03-31,59.16,63.54
2021-04-01,61.45,64.86
2021-04-05,58.65,62.15
2021-04-06,59.33,62.74
2021-04-07,59.77,63.16
2021-04-08,59.6,63.2
2021-04-09,59.32,62.95
2021-04-12,59.7,63.28
2021-04-13,60.18,63.67
2021-04-14,63.15,66.58
2021-04-15,63.46,66.94
2021-04-16,63.13,66.77
2021-04-19,63.38,67.05
2021-04-20,62.44,66.57
2021-04-21,61.35,65.32
2021-04-22,61.43,65.4
2021-04-23,62.14,66.11
2021-04-26,61.91,65.65
2021-04-27,62.94,66.42
2021-04-28,63.86,67.27
2021-04-29,65.01,68.56
2021-04-30,63.58,67.25
2021-05-03,64.49,67.56
2021-05-04,65.69,68.88
2021-05-05,65.63,68.96
2021-05-06,64.71,68.09
2021-05-07,64.9,68.28
2021-05-10,64.92,68.32
2021-05-11,65.28,68.55
2021-05-12,66.08,69.32
2021-05-13,63.82,67.05
2021-05-14,65.37,68.71
2021-05-17,66.27,69.46
2021-05-18,65.49,68.71
2021-05-19,63.36,66.66
2021-05-20,62.05,65.11
2021-05-21,63.58,66.44
2021-05-24,66.05,68.46
2021-05-25,66.07,68.65
2021-05-26,66.21,68.87
2021-05-27,66.85,69.46
2021-05-28,66.32,69.63
2021-06-01,67.72,70.25
2021-06-02,68.83,71.35
2021-06-03,68.81,71.31
2021-06-04,69.62,71.89
2021-06-07,69.23,71.49
2021-06-08,70.05,72.22
2021-06-09,69.96,72.22
2021-06-10,70.29,72.52
2021-06-11,70.91,72.69
2021-06-14,70.88,72.86
2021-06-15,72.12,73.99
2021-06-16,72.15,74.39
2021-06-17,71.04,73.08
2021-06-18,71.64,73.51
2021-06-21,73.66,74.9
2021-06-22,73.06,74.81
2021-06-23,73.08,75.19
2021-06-24,73.3,75.56
2021-06-25,74.05,76.18
2021-06-28,72.91,74.68
2021-06-29,72.98,74.76
2021-06-30,73.47,75.13
2021-07-01,75.23,75.84
2021-07-02,75.16,76.17
2021-07-06,73.37,74.53
2021-07-07,72.2,73.43
2021-07-08,72.94,74.12
2021-07-09,74.56,75.55
2021-07-12,74.1,75.16
2021-07-13,75.25,76.49
2021-07-14,73.13,74.76
2021-07-15,71.65,73.47
2021-07-16,71.81,73.59
2021-07-19,66.42,68.62
2021-07-20,67.42,69.35
2021-07-21,70.3,72.23
2021-07-22,71.91,73.79
2021-07-23,72.07,74.1
2021-07-26,71.91,74.5
2021-07-27,71.65,74.48
2021-07-28,72.39,74.74
2021-07-29,73.62,76.05
2021-07-30,73.95,76.33
2021-08-02,71.26,72.89
2021-08-03,70.56,72.41
2021-08-04,68.15,70.38
2021-08-05,69.09,71.29
2021-08-06,68.28,70.7
2021-08-09,66.48,69.04
2021-08-10,68.29,70.63
2021-08-11,69.25,71.44
2021-08-12,69.09,71.31
2021-08-13,68.44,70.59
2021-08-16,67.29,69.51
2021-08-17,66.59,69.03
2021-08-18,65.46,68.23
2021-08-19,63.69,66.45
2021-08-20,62.32,65.18
2021-08-23,65.64,68.75
2021-08-24,67.54,71.05
2021-08-25,68.36,72.25
2021-08-26,67.42,71.07
2021-08-27,68.74,72.7
2021-08-30,69.21,73.41
2021-08-31,68.5,72.99
2021-09-01,68.59,71.59
2021-09-02,69.99,73.03
2021-09-03,69.29,72.61
2021-09-07,68.35,71.69
2021-09-08,69.3,72.6
2021-09-09,68.14,71.45
2021-09-10,69.72,72.92
2021-09-13,70.45,73.51
2021-09-14,70.46,73.6
2021-09-15,72.61,75.46
2021-09-16,72.61,75.67
2021-09-17,71.97,75.34
2021-09-20,70.29,73.92
2021-09-21,70.56,74.36
2021-09-22,72.23,76.19
2021-09-23,73.3,77.25
2021-09-24,73.98,78.09
2021-09-27,75.45,79.53
2021-09-28,75.29,79.09
2021-09-29,74.83,78.64
2021-09-30,75.03,78.52
2021-10-01,75.88,79.28
2021-10-04,77.62,81.26
2021-10-05,78.93,82.56
2021-10-06,77.43,81.08
2021-10-07,78.3,81.95
2021-10-08,79.35,82.39
2021-10-11,80.52,83.65
2021-10-12,80.64,83.42
2021-10-13,80.44,83.18
2021-10-14,81.31,84.0
2021-10-15,82.28,84.86
2021-10-18,82.44,84.33
2021-10-19,82.96,85.08
2021-10-20,83.87,85.82
2021-10-21,82.5,84.61
2021-10-22,83.76,85.53
2021-10-25,83.76,85.99
2021-10-26,84.65,86.4
2021-10-27,82.66,84.58
2021-10-28,82.81,84.32
2021-10-29,83.57,84.38
2021-11-01,84.05,84.71
2021-11-02,83.91,84.72
2021-11-03,80.86,81.99
2021-11-04,78.81,80.54
2021-11-05,81.27,82.74
2021-11-08,81.93,83.43
2021-11-09,84.15,84.78
2021-11-10,81.34,82.64
2021-11-11,81.59,82.87
2021-11-12,80.79,82.17
2021-11-15,80.88,82.05
2021-11-16,80.76,82.43
2021-11-17,78.36,80.28
2021-11-18,79.01,81.24
2021-11-19,76.1,78.89
2021-11-22,76.75,79.7
2021-11-23,78.5,82.31
2021-11-24,78.39,82.25
2021-11-26,68.15,72.72
2021-11-29,69.95,73.44
2021-11-30,66.18,70.57
2021-12-01,65.57,68.87
2021-12-02,66.5,69.67
2021-12-03,66.26,69.88
2021-12-06,69.49,73.08
2021-12-07,72.05,75.44
2021-12-08,72.36,75.82
2021-12-09,70.94,74.42
2021-12-10,71.67,75.15
2021-12-13,71.29,74.39
2021-12-14,70.73,73.7
2021-12-15,70.87,73.88
2021-12-16,72.38,75.02
2021-12-17,70.86,73.52
2021-12-20,68.23,71.52
2021-12-21,71.12,73.98
2021-12-22,72.76,75.29
2021-12-23,73.79,76.85
2021-12-27,75.57,78.6
2021-12-28,75.98,78.94
2021-12-29,76.56,79.23
2021-12-30,76.99,79.32
2021-12-31,75.21,77.78
2022-01-03,76.08,78.98
2022-01-04,76.99,80.0
2022-01-05,77.85,80.8
2022-01-06,79.46,81.99
2022-01-07,78.9,81.75
2022-01-10,78.23,80.87
2022-01-11,81.22,83.72
2022-01-12,82.64,84.67
2022-01-13,82.12,84.47
2022-01-14,83.82,86.06
2022-01-18,85.43,87.51
2022-01-19,86.96,88.44
2022-01-20,86.9,88.38
2022-01-21,85.14,87.89
2022-01-24,83.31,86.27
2022-01-25,85.6,88.2
2022-01-26,87.35,89.96
2022-01-27,86.61,89.34
2022-01-28,86.82,90.03
2022-01-31,88.15,91.21
2022-02-01,88.2,89.16
2022-02-02,88.26,89.47
2022-02-03,90.27,91.11
2022-02-04,92.31,93.27
2022-02-07,91.32,92.69
2022-02-08,89.36,90.78
2022-02-09,89.66,91.55
2022-02-10,89.88,91.41
2022-02-11,93.1,94.44
2022-02-14,95.46,96.48
2022-02-15,92.07,93.28
2022-02-16,93.66,94.81
2022-02-17,91.76,92.97
2022-02-18,91.07,93.54
2022-02-22,92.35,96.84
2022-02-23,92.1,96.84
2022-02-24,92.81,99.08
2022-02-25,91.59,97.93
2022-02-28,95.72,100.99
2022-03-01,103.41,104.97
2022-03-02,110.6,112.93
2022-03-03,107.67,110.46
2022-03-04,115.68,118.11
2022-03-07,119.4,123.21
2022-03-08,123.7,127.98
2022-03-09,108.7,111.14
2022-03-10,106.02,109.33
2022-03-11,109.33,112.67
2022-03-14,103.01,106.9
2022-03-15,96.44,99.91
2022-03-16,95.04,98.02
2022-03-17,102.98,106.64
2022-03-18,104.7,107.93
2022-03-21,112.12,115.62
2022-03-22,111.76,115.48
2022-03-23,114.93,121.6
2022-03-24,112.34,119.03
2022-03-25,113.9,120.65
2022-03-28,105.96,112.48
2022-03-29,104.24,110.23
2022-03-30,107.82,113.45
2022-03-31,100.28,107.91
2022-04-01,99.27,104.39
2022-04-04,103.28,107.53
2022-04-05,101.96,106.64
2022-04-06,96.23,101.07
2022-04-07,96.03,100.58
2022-04-08,98.26,102.78
2022-04-11,94.29,98.48
2022-04-12,100.6,104.64
2022-04-13,104.25,108.78
2022-04-14,106.95,111.7
2022-04-18,108.21,113.16
2022-04-19,102.56,107.25
2022-04-20,102.75,106.8
2022-04-21,103.79,108.33
2022-04-22,102.07,106.65
2022-04-25,98.54,102.32
2022-04-26,101.7,104.99
2022-04-27,102.02,105.32
2022-04-28,105.36,107.59
2022-04-29,104.69,109.34
2022-05-02,105.17,107.58
2022-05-03,102.41,104.97
2022-05-04,107.81,110.14
2022-05-05,108.26,110.9
2022-05-06,109.77,112.39
2022-05-09,103.09,105.94
2022-05-10,99.76,102.46
2022-05-11,105.71,107.51
2022-05-12,106.13,107.45
2022-05-13,110.49,111.55
2022-05-16,114.2,114.24
2022-05-17,112.4,111.93
2022-05-18,109.59,109.11
2022-05-19,112.21,112.04
2022-05-20,113.23,112.55
2022-05-23,110.29,113.42
2022-05-24,109.77,113.56
2022-05-25,110.33,114.03
2022-05-26,114.09,117.4
2022-05-27,115.07,119.43
2022-05-31,114.67,122.84
2022-06-01,115.26,116.29
2022-06-02,116.87,117.61
2022-06-03,118.87,119.72
2022-06-06,118.5,119.51
2022-06-07,119.41,120.57
2022-06-08,122.11,123.58
2022-06-09,121.51,123.07
2022-06-10,120.67,122.01
2022-06-13,120.93,122.27
2022-06-14,118.93,121.17
2022-06-15,115.31,118.51
2022-06-16,117.59,119.81
2022-06-17,109.56,113.12
2022-06-21,110.65,114.65
2022-06-22,106.19,111.74
2022-06-23,104.27,110.05
2022-06-24,107.62,113.12
2022-06-27,109.57,115.09
2022-06-28,111.76,117.98
2022-06-29,109.78,116.26
2022-06-30,105.76,114.81
2022-07-01,108.43,111.63
2022-07-05,99.5,102.77
2022-07-06,98.53,100.69
2022-07-07,102.73,104.65
2022-07-08,104.79,107.02
2022-07-11,104.09,107.1
2022-07-12,95.84,99.49
2022-07-13,96.3,99.57
2022-07-14,95.78,99.1
2022-07-15,97.59,101.16
2022-07-18,102.6,106.27
2022-07-19,104.22,107.35
2022-07-20,102.26,106.92
2022-07-21,96.35,103.86
2022-07-22,94.7,103.2
2022-07-25,96.7,105.15
2022-07-26,94.98,104.4
2022-07-27,97.26,106.62
2022-07-28,96.42,107.14
2022-07-29,98.62,110.01
2022-08-01,93.89,100.03
2022-08-02,94.42,100.54
2022-08-03,90.66,96.78
2022-08-04,88.54,94.12
2022-08-05,89.01,94.92
2022-08-08,90.76,96.65
2022-08-09,90.5,96.31
2022-08-10,91.93,97.4
2022-08-11,94.34,99.6
2022-08-12,92.09,98.15
2022-08-15,89.41,95.1
2022-08-16,86.53,92.34
2022-08-17,88.11,93.65
2022-08-18,90.5,96.59
2022-08-19,90.77,96.72
2022-08-22,90.23,96.48
2022-08-23,93.74,100.22
2022-08-24,94.89,101.22
2022-08-25,92.52,99.34
2022-08-26,93.06,100.99
2022-08-29,97.01,105.09
2022-08-30,91.64,99.31
2022-08-31,89.55,96.49
2022-09-01,86.61,92.36
2022-09-02,86.87,93.02
2022-09-06,86.88,92.83
2022-09-07,81.94,88.0
2022-09-08,83.54,89.15
2022-09-09,86.79,92.84
2022-09-12,87.78,94.0
2022-09-13,87.31,93.17
2022-09-14,88.48,94.1
2022-09-15,85.1,90.84
2022-09-16,85.11,91.35
2022-09-19,85.73,92.0
2022-09-20,84.45,90.62
2022-09-21,82.94,89.83
2022-09-22,83.49,90.46
2022-09-23,78.74,86.15
2022-09-26,76.71,84.06
2022-09-27,78.5,86.27
2022-09-28,82.15,89.32
2022-09-29,81.23,88.49
2022-09-30,79.49,87.96
2022-10-03,83.63,88.86
2022-10-04,86.52,91.8
2022-10-05,87.76,93.37
2022-10-06,88.45,94.42
2022-10-07,92.64,97.92
2022-10-10,91.13,96.19
2022-10-11,89.35,94.29
2022-10-12,87.27,92.45
2022-10-13,89.11,94.57
2022-10-14,85.61,91.63
2022-10-17,85.46,91.62
2022-10-18,82.82,90.03
2022-10-19,85.55,92.41
2022-10-20,85.98,92.38
2022-10-21,85.05,93.5
2022-10-24,84.58,93.26
2022-10-25,85.32,93.52
2022-10-26,87.91,95.69
2022-10-27,89.08,96.96
2022-10-28,87.9,95.77
2022-10-31,86.53,94.83
2022-11-01,88.37,94.65
2022-11-02,90.0,96.16
2022-11-03,88.17,94.67
2022-11-04,92.61,98.57
2022-11-07,91.79,97.92
2022-11-08,88.91,95.36
2022-11-09,85.83,92.65
2022-11-10,86.47,93.67
2022-11-11,88.96,95.99
2022-11-14,85.87,93.14
2022-11-15,86.92,93.86
2022-11-16,85.59,92.86
2022-11-17,81.64,89.78
2022-11-18,80.08,87.62
2022-11-21,79.73,87.45
2022-11-22,80.95,88.36
2022-11-23,77.94,85.41
2022-11-25,76.28,83.63
2022-11-28,77.24,83.19
2022-11-29,78.2,83.03
2022-11-30,80.55,85.43
2022-12-01,81.22,86.88
2022-12-02,79.98,85.57
2022-12-05,76.93,82.68
2022-12-06,74.25,79.35
2022-12-07,72.01,77.17
2022-12-08,71.46,76.15
2022-12-09,71.02,76.1
2022-12-12,73.17,77.99
2022-12-13,75.39,80.68
2022-12-14,77.28,82.7
2022-12-15,76.11,81.21
2022-12-16,74.29,79.04
2022-12-19,75.19,79.8
2022-12-20,76.09,79.99
2022-12-21,78.29,82.2
2022-12-22,77.49,80.98
2022-12-23,79.56,83.92
2022-12-27,79.53,84.33
2022-12-28,78.96,83.26
2022-12-29,78.4,82.26
2022-12-30,80.26,85.91
2023-01-03,76.93,82.1
2023-01-04,72.84,77.84
2023-01-05,73.67,78.69
2023-01-06,73.77,78.57
2023-01-09,74.63,79.65
2023-01-10,75.12,80.1
2023-01-11,77.41,82.67
2023-01-12,78.39,84.03
2023-01-13,79.86,85.28
2023-01-17,80.18,85.92
2023-01-18,79.48,84.98
2023-01-19,80.33,86.16
2023-01-20,81.31,87.63
2023-01-23,81.62,88.19
2023-01-24,80.13,86.13
2023-01-25,80.15,86.12
2023-01-26,81.01,87.47
2023-01-27,79.68,86.66
2023-01-30,77.9,84.9
2023-01-31,78.87,84.49
2023-02-01,76.41,82.84
2023-02-02,75.88,82.17
2023-02-03,73.39,79.94
2023-02-06,74.11,80.99
2023-02-07,77.14,83.69
2023-02-08,78.47,85.09
2023-02-09,78.06,84.5
2023-02-10,79.72,86.39
2023-02-13,80.14,86.61
2023-02-14,79.06,85.58
2023-02-15,78.59,85.38
2023-02-16,78.49,85.14
2023-02-17,76.34,83.0
2023-02-21,76.16,83.05
2023-02-22,73.95,80.6
2023-02-23,75.39,82.21
2023-02-24,76.32,83.16
2023-02-27,75.68,82.45
2023-02-28,77.05,83.89
2023-03-01,77.69,84.31
2023-03-02,78.16,84.75
2023-03-03,79.68,85.83
2023-03-06,80.46,86.18
2023-03-07,77.58,83.29
2023-03-08,76.66,82.66
2023-03-09,75.72,81.59
2023-03-10,76.68,82.78
2023-03-13,74.8,80.77
2023-03-14,71.33,77.45
2023-03-15,67.61,73.69
2023-03-16,68.35,74.7
2023-03-17,66.74,72.97
2023-03-20,67.64,73.79
2023-03-21,69.33,75.32
2023-03-22,70.9,76.69
2023-03-23,69.96,75.91
2023-03-24,69.26,74.99
2023-03-27,72.81,78.12
2023-03-28,73.2,78.65
2023-03-29,72.97,78.28
2023-03-30,74.37,79.27
2023-03-31,75.67,79.77
2023-04-03,80.42,84.93
2023-04-04,80.71,84.94
2023-04-05,80.61,84.99
2023-04-06,80.7,85.12
2023-04-10,79.74,84.18
2023-04-11,81.53,85.61
2023-04-12,83.26,87.33
2023-04-13,82.16,86.09
2023-04-14,82.52,86.31
2023-04-17,80.83,84.76
2023-04-18,80.86,84.77
2023-04-19,79.16,83.12
2023-04-20,77.29,81.1
2023-04-21,77.87,81.66
2023-04-24,78.76,82.73
2023-04-25,77.07,80.77
2023-04-26,74.3,77.69
2023-04-27,74.76,78.37
2023-04-28,76.78,79.54
2023-05-01,75.66,79.31
2023-05-02,71.66,75.32
2023-05-03,68.6,72.33
2023-05-04,68.56,72.5
2023-05-05,71.34,75.3
2023-05-08,73.16,77.01
2023-05-09,73.71,77.44
2023-05-10,72.56,76.41
2023-05-11,70.87,74.98
2023-05-12,70.04,74.17
2023-05-15,71.11,75.23
2023-05-16,70.86,74.91
2023-05-17,72.83,76.96
2023-05-18,71.86,75.86
2023-05-19,71.55,75.58
2023-05-22,71.99,75.99
2023-05-23,72.91,76.84
2023-05-24,74.34,78.36
2023-05-25,71.83,76.26
2023-05-26,72.67,76.95
2023-05-30,69.46,73.54
2023-05-31,68.09,72.66
2023-06-01,70.1,74.28
2023-06-02,71.74,76.13
2023-06-05,72.15,76.71
2023-06-06,71.74,76.29
2023-06-07,72.53,76.95
2023-06-08,71.29,75.96
2023-06-09,70.17,74.79
2023-06-12,67.12,71.84
2023-06-13,69.42,74.29
2023-06-14,68.27,73.2
2023-06-15,70.62,75.67
2023-06-16,71.78,76.61
2023-06-20,70.5,75.9
2023-06-21,72.53,77.12
2023-06-22,69.51,74.14
2023-06-23,69.16,73.85
2023-06-26,69.37,74.18
2023-06-27,67.7,72.26
2023-06-28,69.56,74.03
2023-06-29,69.86,74.34
2023-06-30,70.64,74.9
2023-07-03,69.79,74.65
2023-07-05,71.79,76.65
2023-07-06,71.8,76.52
2023-07-07,73.86,78.47
2023-07-10,72.99,77.69
2023-07-11,74.83,79.4
2023-07-12,75.75,80.11
2023-07-13,76.89,81.36
2023-07-14,75.42,79.87
2023-07-17,74.15,78.5
2023-07-18,75.75,79.63
2023-07-19,75.35,79.46
2023-07-20,75.63,79.64
2023-07-21,77.07,81.07
2023-07-24,78.74,82.74
2023-07-25,79.63,83.64
2023-07-26,78.78,82.92
2023-07-27,80.09,84.24
2023-07-28,80.58,84.99
2023-07-31,81.8,85.56
2023-08-01,81.37,84.91
2023-08-02,79.49,83.2
2023-08-03,81.55,85.14
2023-08-04,82.82,86.24
2023-08-07,81.94,85.34
2023-08-08,82.92,86.17
2023-08-09,84.4,87.55
2023-08-10,82.82,86.4
2023-08-11,83.19,86.81
2023-08-14,82.51,86.21
2023-08-15,80.99,84.89
2023-08-16,79.38,83.45
2023-08-17,80.39,84.12
2023-08-18,81.25,84.8
2023-08-21,80.72,84.46
2023-08-22,80.35,84.03
2023-08-23,78.89,83.21
2023-08-24,79.05,83.36
2023-08-25,79.83,84.48
2023-08-28,80.1,84.42
2023-08-29,81.16,85.49
2023-08-30,81.63,85.86
2023-08-31,83.63,86.86
2023-09-01,85.55,88.55
2023-09-05,86.69,90.04
2023-09-06,87.54,90.6
2023-09-07,86.87,89.92
2023-09-08,87.51,90.65
2023-09-11,87.29,90.64
2023-09-12,88.84,92.06
2023-09-13,88.52,91.88
2023-09-14,90.16,93.7
2023-09-15,90.77,93.93
2023-09-18,91.48,94.43
2023-09-19,91.2,94.34
2023-09-20,90.28,93.53
2023-09-21,89.63,93.3
2023-09-22,90.03,93.27
2023-09-25,89.68,93.29
2023-09-26,90.39,93.96
2023-09-27,93.68,96.55
2023-09-28,91.71,95.38
2023-09-29,90.79,95.31
2023-10-02,88.82,90.71
2023-10-03,89.23,90.92
2023-10-04,84.22,85.81
2023-10-05,82.31,84.07
2023-10-06,82.79,84.58
2023-10-09,86.38,88.15
2023-10-10,85.97,87.65
2023-10-11,83.49,85.82
2023-10-12,82.91,86.0
2023-10-13,87.69,90.89
2023-10-16,86.66,89.65
2023-10-17,86.66,89.9
2023-10-18,88.32,91.5
2023-10-19,89.37,92.38
2023-10-20,88.75,92.16
2023-10-23,85.49,89.83
2023-10-24,83.74,88.07
2023-10-25,85.39,90.13
2023-10-26,83.21,87.93
2023-10-27,85.54,90.48
2023-10-30,82.31,87.45
2023-10-31,81.02,87.41
2023-11-01,80.44,84.63
2023-11-02,82.46,86.85
2023-11-03,80.51,84.89
2023-11-06,80.82,85.18
2023-11-07,77.37,81.61
2023-11-08,75.33,79.54
2023-11-09,75.74,80.01
2023-11-10,77.17,81.43
2023-11-13,78.26,82.52
2023-11-14,78.26,82.47
2023-11-15,76.66,81.18
2023-11-16,72.9,77.42
2023-11-17,75.89,80.61
2023-11-20,77.6,82.32
2023-11-21,77.77,82.45
2023-11-22,77.1,81.96
2023-11-24,75.54,80.58
2023-11-27,74.86,79.98
2023-11-28,76.41,81.68
2023-11-29,77.86,83.1
2023-11-30,75.96,82.83
2023-12-01,74.07,78.88
2023-12-04,73.04,78.03
2023-12-05,72.32,77.2
2023-12-06,69.38,74.3
2023-12-07,69.34,74.05
2023-12-08,71.23,75.84
2023-12-11,71.32,76.03
2023-12-12,68.61,73.24
2023-12-13,69.47,74.26
2023-12-14,71.58,76.61
2023-12-15,71.43,76.55
2023-12-18,72.47,77.95
2023-12-19,73.44,79.23
2023-12-20,74.22,79.7
2023-12-21,73.89,79.39
2023-12-22,73.56,79.07
2023-12-26,75.57,81.07
2023-12-27,74.11,79.65
2023-12-28,71.77,78.39
2023-12-29,71.65,77.04
2024-01-02,70.38,75.89
2024-01-03,72.7,78.25
2024-01-04,72.19,77.59
2024-01-05,73.81,78.76
2024-01-08,70.77,76.12
2024-01-09,72.24,77.59
2024-01-10,71.37,76.8
2024-01-11,72.02,77.41
2024-01-12,72.68,78.29
2024-01-16,72.4,78.29
2024-01-17,72.56,77.88
2024-01-18,74.08,79.1
2024-01-19,73.41,78.56
2024-01-22,75.19,80.06
2024-01-23,74.37,79.55
2024-01-24,75.09,80.04
2024-01-25,77.36,82.43
2024-01-26,78.01,83.55
2024-01-29,76.78,82.4
2024-01-30,77.82,82.87
2024-01-31,75.85,81.71
2024-02-01,73.82,78.7
2024-02-02,72.28,77.33
2024-02-05,72.78,77.99
2024-02-06,73.31,78.59
2024-02-07,73.86,79.21
2024-02-08,76.22,81.63
2024-02-09,76.84,82.19
2024-02-12,76.92,82.0
2024-02-13,77.87,82.77
2024-02-14,76.64,81.6
2024-02-15,78.03,82.86
2024-02-16,79.19,83.47
2024-02-20,78.18,82.34
2024-02-21,77.91,83.03
2024-02-22,78.61,83.67
2024-02-23,76.49,81.62
2024-02-26,77.58,82.53
2024-02-27,78.87,83.65
2024-02-28,78.54,83.68
2024-02-29,78.26,83.62
2024-03-01,79.97,83.55
2024-03-04,78.74,82.8
2024-03-05,78.15,82.04
2024-03-06,79.13,82.96
2024-03-07,78.93,82.96
2024-03-08,78.01,82.08
2024-03-11,77.93,82.21
2024-03-12,77.56,81.92
2024-03-13,79.72,84.03
2024-03-14,81.26,85.42
2024-03-15,81.04,85.34
2024-03-18,82.72,86.89
2024-03-19,83.47,87.38
2024-03-20,81.68,85.95
2024-03-21,81.07,85.78
2024-03-22,80.63,85.43
2024-03-25,81.95,86.75
2024-03-26,81.62,86.25
2024-03-27,81.35,86.09
2024-03-28,83.17,87.48
2024-04-01,83.71,87.42
2024-04-02,85.15,88.92
2024-04-03,85.43,89.35
2024-04-04,86.59,90.65
2024-04-05,86.91,91.17
2024-04-08,86.43,90.38
2024-04-09,85.23,89.42
2024-04-10,86.21,90.48
2024-04-11,85.02,89.74
2024-04-12,85.66,90.45
2024-04-15,85.41,90.1
2024-04-16,85.36,90.02
2024-04-17,82.69,87.29
2024-04-18,82.73,87.11
2024-04-19,83.14,87.29
2024-04-22,82.85,87.0
2024-04-23,83.36,88.42
2024-04-24,82.81,88.02
2024-04-25,83.57,89.01
2024-04-26,83.85,89.5
2024-04-29,82.63,88.4
2024-04-30,81.93,87.86
2024-05-01,79.0,83.44
2024-05-02,78.95,83.67
2024-05-03,78.11,82.96
2024-05-06,78.48,83.33
2024-05-07,78.38,83.16
2024-05-08,78.99,83.58
2024-05-09,79.26,83.88
2024-05-10,78.26,82.79
2024-05-13,79.12,83.36
2024-05-14,78.02,82.38
2024-05-15,78.63,82.75
2024-05-16,79.23,83.27
2024-05-17,80.06,83.98
2024-05-20,79.8,83.71
2024-05-21,79.26,82.88
2024-05-22,77.57,81.9
2024-05-23,76.87,81.36
2024-05-24,77.72,82.12
2024-05-28,79.83,84.22
2024-05-29,79.23,83.6
2024-05-30,77.91,81.86
2024-05-31,76.99,81.62
2024-06-03,74.22,78.36
2024-06-04,73.25,77.52
2024-06-05,74.07,78.41
2024-06-06,75.55,79.87
2024-06-07,75.53,79.62
2024-06-10,77.74,81.63
2024-06-11,77.9,81.92
2024-06-12,78.5,82.6
2024-06-13,78.62,82.75
2024-06-14,78.45,82.62
2024-06-17,80.33,84.25
2024-06-18,81.57,85.33
2024-06-20,82.17,85.71
2024-06-21,80.73,85.24
2024-06-24,81.63,86.01
2024-06-25,80.83,85.01
2024-06-26,80.9,85.25
2024-06-27,81.74,86.39
2024-06-28,81.54,86.41
2024-07-01,83.38,86.6
2024-07-02,82.81,86.24
2024-07-03,83.88,87.34
2024-07-05,83.16,86.54
2024-07-08,82.33,85.75
2024-07-09,81.41,84.66
2024-07-10,82.1,85.08
2024-07-11,82.62,85.4
2024-07-12,82.21,85.03
2024-07-15,81.91,84.85
2024-07-16,80.76,83.73
2024-07-17,82.85,85.08
2024-07-18,82.82,85.11
2024-07-19,80.13,82.63
2024-07-22,79.78,82.4
2024-07-23,76.96,81.01
2024-07-24,77.59,81.71
2024-07-25,78.28,82.37
2024-07-26,77.16,81.13
2024-07-29,75.81,79.78
2024-07-30,74.73,78.63
2024-07-31,77.91,80.72
2024-08-01,76.31,79.52
2024-08-02,73.52,76.81
2024-08-05,72.94,76.3
2024-08-06,73.2,76.48
2024-08-07,75.23,78.33
2024-08-08,76.19,79.16
2024-08-09,76.84,79.66
2024-08-12,80.06,82.3
2024-08-13,78.35,80.69
2024-08-14,76.98,79.76
2024-08-15,78.16,81.04
2024-08-16,76.65,79.68
2024-08-19,74.37,77.66
2024-08-20,74.04,77.2
2024-08-21,71.93,76.05
2024-08-22,73.01,77.22
2024-08-23,74.83,79.02
2024-08-26,77.42,81.43
2024-08-27,75.53,79.55
2024-08-28,74.52,78.65
2024-08-29,75.91,79.94
2024-08-30,73.55,78.8
2024-09-03,70.34,73.75
2024-09-04,69.2,72.7
2024-09-05,69.15,72.69
2024-09-06,67.67,71.06
2024-09-09,68.71,71.84
2024-09-10,65.75,69.19
2024-09-11,67.31,70.61
2024-09-12,68.97,71.97
2024-09-13,68.65,71.61
2024-09-16,70.09,72.75
2024-09-17,71.19,73.7
2024-09-18,70.91,73.65
2024-09-19,71.95,74.88
2024-09-20,71.92,74.49
2024-09-23,70.37,73.9
2024-09-24,71.56,75.17
2024-09-25,69.69,73.46
2024-09-26,67.67,71.6
2024-09-27,68.18,71.98
2024-09-30,68.17,71.77
2024-10-01,69.83,73.56
2024-10-02,70.1,73.9
2024-10-03,73.71,77.62
2024-10-04,74.38,78.05
2024-10-07,77.14,80.93
2024-10-08,73.57,77.18
2024-10-09,73.24,76.58
2024-10-10,75.85,79.4
2024-10-11,75.56,79.04
2024-10-14,73.83,77.46
2024-10-15,70.58,74.25
2024-10-16,70.39,74.22
2024-10-17,70.67,74.45
2024-10-18,69.22,73.06
2024-10-21,70.56,74.29
2024-10-22,72.09,76.04
2024-10-23,70.77,74.96
2024-10-24,70.19,74.38
2024-10-25,71.78,76.05
2024-10-28,67.38,71.42
2024-10-29,67.21,71.12
2024-10-30,68.61,72.55
2024-10-31,69.26,73.16
2024-11-01,69.49,73.1
2024-11-04,71.47,75.08
2024-11-05,71.99,75.53
2024-11-06,71.69,74.92
2024-11-07,72.36,75.63
2024-11-08,70.38,73.87
2024-11-11,68.04,71.83
2024-11-12,68.12,71.89
2024-11-13,68.43,72.28
2024-11-14,68.7,72.56
2024-11-15,67.02,71.04
2024-11-18,69.16,73.3
2024-11-19,69.39,73.31
2024-11-20,68.87,72.81
2024-11-21,70.1,74.23
2024-11-22,71.24,75.17
2024-11-25,68.94,73.01
2024-11-26,68.77,72.81
2024-11-27,68.72,72.83
2024-11-29,68.0,72.94
2024-12-02,68.1,71.83
2024-12-03,69.94,73.62
2024-12-04,68.54,72.31
2024-12-05,68.3,72.09
2024-12-06,67.2,71.12
2024-12-09,68.37,72.14
2024-12-10,68.59,72.19
2024-12-11,70.29,73.52
2024-12-12,70.02,73.41
2024-12-13,71.29,74.49
2024-12-16,70.71,73.91
2024-12-17,70.08,73.19
2024-12-18,70.58,73.39
2024-12-19,69.91,72.88
2024-12-20,69.46,72.94
2024-12-23,69.24,72.63
2024-12-24,70.1,73.58
2024-12-26,69.62,73.26
2024-12-27,70.6,74.17
2024-12-30,70.99,74.39
2024-12-31,71.72,74.64
2025-01-02,73.13,75.93
2025-01-03,73.96,76.51
2025-01-06,73.56,76.3
2025-01-07,74.25,77.05
2025-01-08,73.32,76.16
2025-01-09,73.92,76.92
2025-01-10,76.57,79.76
2025-01-13,78.82,81.01
2025-01-14,77.5,79.92
2025-01-15,80.04,82.03
2025-01-16,78.68,81.29
2025-01-17,77.88,80.79
2025-01-21,75.89,79.29
2025-01-22,75.44,79.0
2025-01-23,74.62,78.29
2025-01-24,74.66,78.5
2025-01-27,73.17,77.08
2025-01-28,73.77,77.49
2025-01-29,72.62,76.58
2025-01-30,72.73,76.87
2025-01-31,72.53,76.76
2025-02-03,73.16,75.96
2025-02-04,72.7,76.2
2025-02-05,71.03,74.61
2025-02-06,70.61,74.29
2025-02-07,71.0,74.66
2025-02-10,72.32,75.87
2025-02-11,73.32,77.0
2025-02-12,71.37,75.18
2025-02-13,71.29,75.02
2025-02-14,70.74,74.74
2025-02-18,71.85,75.84
2025-02-19,72.25,76.04
2025-02-20,72.57,76.48
2025-02-21,70.4,74.43
2025-02-24,70.7,74.78
2025-02-25,68.93,73.02
2025-02-26,68.62,72.53
2025-02-27,70.35,74.04
2025-02-28,69.76,73.18
2025-03-03,68.37,71.62
2025-03-04,68.26,71.04
2025-03-05,66.31,69.3
2025-03-06,66.36,69.46
2025-03-07,67.04,70.36
2025-03-10,66.03,69.28
2025-03-11,66.25,69.56
2025-03-12,67.68,70.95
2025-03-13,66.55,69.88
2025-03-14,67.18,70.58
2025-03-17,67.58,71.07
2025-03-18,66.9,70.56
2025-03-19,67.16,70.78
2025-03-20,68.26,72.0
2025-03-21,68.28,72.16
2025-03-24,69.11,73.0
2025-03-25,69.0,73.02
2025-03-26,69.65,73.79
2025-03-27,69.92,74.03
2025-03-28,69.36,73.63
2025-03-31,71.48,74.74
2025-04-01,71.2,74.49
2025-04-02,71.71,74.95
2025-04-03,66.95,70.14
2025-04-04,61.99,65.58
2025-04-07,60.7,64.21
2025-04-08,59.58,62.82
2025-04-09,62.35,65.48
2025-04-10,60.07,63.33
2025-04-11,61.5,64.76
2025-04-14,61.53,64.88
2025-04-15,61.33,64.67
2025-04-16,62.47,65.85
2025-04-17,64.68,67.96
2025-04-21,63.08,66.26
2025-04-22,64.31,67.44
2025-04-23,62.27,66.12
2025-04-24,62.79,66.55
2025-04-25,63.02,66.87
2025-04-28,62.05,65.86
2025-04-29,60.42,64.25
2025-04-30,58.21,63.12
2025-05-01,59.24,62.13
2025-05-02,58.29,61.29
2025-05-05,57.13,60.23
2025-05-06,59.09,62.15
2025-05-07,58.07,61.12
2025-05-08,59.91,62.84
2025-05-09,61.02,63.91
2025-05-12,61.95,64.96
2025-05-13,63.67,66.63
2025-05-14,63.15,66.09
2025-05-15,61.62,64.53
2025-05-16,62.49,65.41
2025-05-19,62.69,65.54
2025-05-20,62.56,65.38
2025-05-21,61.57,64.91
2025-05-22,61.2,64.44
2025-05-23,61.53,64.78
2025-05-27,60.89,64.09
2025-05-28,61.84,64.9
2025-05-29,60.94,64.15
2025-05-30,60.79,63.9
2025-06-02,62.52,64.63
2025-06-03,63.41,65.63
2025-06-04,62.85,64.86
2025-06-05,63.37,65.34
2025-06-06,64.58,66.47
2025-06-09,65.29,67.04
2025-06-10,64.98,66.87
2025-06-11,68.15,69.77
2025-06-12,68.04,69.36
2025-06-13,72.98,74.23
2025-06-16,71.77,73.23
2025-06-17,74.84,76.45
2025-06-18,75.14,76.7
2025-06-20,74.93,77.01
2025-06-23,68.51,71.48
2025-06-24,64.37,67.14
2025-06-25,64.92,67.68
2025-06-26,65.24,67.73
2025-06-27,65.52,67.77
2025-06-30,65.11,67.61
2025-07-01,65.45,67.11
2025-07-02,67.45,69.11
2025-07-03,67.0,68.8
2025-07-07,67.93,69.58
2025-07-08,68.33,70.15
2025-07-09,68.38,70.19
2025-07-10,66.57,68.64
2025-07-11,68.45,70.36
2025-07-14,66.98,69.21
2025-07-15,66.52,68.71
2025-07-16,66.38,68.52
2025-07-17,67.54,69.52
2025-07-18,67.34,69.28
2025-07-21,67.2,69.21
2025-07-22,66.21,68.59
2025-07-23,65.25,68.51
2025-07-24,66.03,69.18
2025-07-25,65.16,68.44
2025-07-28,66.71,70.04
2025-07-29,69.21,72.51
2025-07-30,70.0,73.24
2025-07-31,69.26,72.53
2025-08-01,67.33,69.67
2025-08-04,66.29,68.76
2025-08-05,65.16,67.64
2025-08-06,64.35,66.89
2025-08-07,63.88,66.43
2025-08-08,63.88,66.59
2025-08-11,63.96,66.63
2025-08-12,63.17,66.12
2025-08-13,62.65,65.63
2025-08-14,63.96,66.84
2025-08-15,62.8,65.85
2025-08-18,63.42,66.6
2025-08-19,62.35,65.79
2025-08-20,63.21,66.84
2025-08-21,63.52,67.67
2025-08-22,63.66,67.73
2025-08-25,64.8,68.8
2025-08-26,63.25,67.22
2025-08-27,64.15,68.05
2025-08-28,64.6,68.62
2025-08-29,64.01,68.12
2025-09-02,65.59,69.14
2025-09-03,63.97,67.6
2025-09-04,63.48,66.99
2025-09-05,61.87,65.5
2025-09-08,62.26,66.02
2025-09-09,62.63,66.39
2025-09-10,63.67,67.49
2025-09-11,62.37,66.37
2025-09-12,62.69,66.99
2025-09-15,63.3,67.44
2025-09-16,64.52,68.47
2025-09-17,64.05,67.95
2025-09-18,63.57,67.44
2025-09-19,62.68,66.68
2025-09-22,62.64,66.57
2025-09-23,63.41,67.63
2025-09-24,64.99,69.31
2025-09-25,64.98,69.42
2025-09-26,65.72,70.13
2025-09-29,63.45,67.97
2025-09-30,62.37,67.02
2025-10-01,61.78,65.35
2025-10-02,60.48,64.11
2025-10-03,60.88,64.53
2025-10-06,61.69,65.47
2025-10-07,61.73,65.45
2025-10-08,62.55,66.25
2025-10-09,61.51,65.22
2025-10-10,58.9,62.73
2025-10-13,59.49,63.32
2025-10-14,58.7,62.39
2025-10-15,58.27,61.91
2025-10-16,57.46,61.06
2025-10-17,57.54,61.29
2025-10-20,57.52,61.01
2025-10-21,57.82,61.32
2025-10-22,58.5,62.59
2025-10-23,61.79,65.99
2025-10-24,61.5,65.94
2025-10-27,61.31,65.62
2025-10-28,60.15,64.4
2025-10-29,60.48,64.92
2025-10-30,60.57,65.0
2025-10-31,60.98,65.07
