date,t,F_model_0,F_model_1,F_model_2,F_model_3,F_model_4,F_model_5,F_model_6,F_model_7,F_mkt_0,F_mkt_1,F_mkt_2,F_mkt_3,F_mkt_4,F_mkt_5,F_mkt_6,F_mkt_7
2020-07-29,150,61.114472898221386,62.070366117498146,63.01305445622208,65.77250248737808,68.44911139206924,71.06546478518084,76.19109541191662,81.27050244207486,59.28082247416233,57.807213333547246,59.31719771784421,60.44462731345998,61.98600402633744,61.26288413469026,61.399068235257054,64.62339665583065
2020-07-30,151,60.95486869832062,61.92375865194855,62.87662827695085,65.65206559266713,68.32698417359175,70.92826604951689,75.99595823940885,80.99416110178755,59.73701657453951,60.95986837533183,59.4987357008598,62.148000328874446,64.01929661335335,62.22949834023716,62.26378738543392,64.20842744852983
2020-07-31,152,60.5075786130974,61.49235484567366,62.458889840796616,65.26368012450911,67.95352961170192,70.55854112736458,75.60964835154194,80.57030285634586,58.31491504021789,59.20855870805337,58.93330644073514,61.67493993242685,60.447828679039006,60.52308415261549,64.61477129736517,61.6245512327812
2020-08-03,153,60.29299536941588,61.26488372008066,62.221991824830965,65.01604498506997,67.71580796931781,70.34560106685636,75.47465532700815,80.53359394215042,58.18425808544518,60.8772247752954,59.33119715301704,59.67061040473898,61.36658436098163,62.11544990152814,63.60172330159104,65.40531034769634
2020-08-04,154,59.73793342831351,60.72997083806605,61.706302214898784,64.55266249009088,67.29717332594224,69.9648478295251,75.15191115845276,80.24959781520505,56.11885942333305,58.41708624930688,58.076434147242765,59.80944226891122,59.778793906187694,62.32346887473189,62.2110313589674,64.00849806405562
2020-08-05,155,59.008820441673954,60.024306073667475,61.02315034526901,63.93149405596887,66.7299371143005,69.44402419108916,74.70395378187054,79.85234128784107,55.51912933113511,56.11753999496904,57.76288652695269,58.42430360438407,59.136231580992025,60.12613673295994,62.87742112108168,62.50345936514786
2020-08-06,156,58.491242918352555,59.51214748289299,60.51909702807489,63.46532816365166,66.31747897081104,69.09639568898173,74.50596981451402,79.81610274277503,55.96805825369137,56.76398590483378,56.167978863244215,57.86608902942693,60.387263417920806,60.37164165122276,63.687499351072674,64.98643439792194
2020-08-07,157,58.01774566279586,59.07913970629166,60.12330372613587,63.163220102890214,66.08543764387598,68.91464493878772,74.37825722947012,79.69703192665254,55.11833990925385,56.65595548688584,56.2487804193233,58.60019201425495,59.01966835940681,62.84163832022992,64.41665218438526,63.536559030922845
2020-08-10,158,57.14735123118009,58.25499217856305,59.34173065839097,62.48910285959894,65.49195254881603,68.37922987283574,73.90587359003828,79.23622064878401,53.24289584171626,54.77998868323972,54.73809581719623,56.43190726622588,59.14888587053149,59.713690612658766,61.6342506034136,61.76728550225417
2020-08-11,159,56.182231646248276,57.3434577305654,58.47950967865821,61.751227027184385,64.84724534840484,67.8016242070943,73.40194089928785,78.74870983737692,51.3554755522046,53.40137797553148,54.69802258709416,56.12708545296709,59.03935978593993,58.50274742340835,59.84594626189515,62.26426178965479
2020-08-12,160,55.43642994925051,56.65976881434191,57.851284945064236,61.25359366594176,64.4346416157942,67.4379202797431,73.05833484482783,78.35956592466508,51.90044610569216,53.385194009520106,53.36666905006999,56.97477459395167,59.21177859770627,58.85337025910811,62.08767968502851,60.840644893800444
2020-08-13,161,54.801035349009936,56.033016332739656,57.23391696528835,60.66748565180832,63.882197123380855,66.91941403431511,72.60345336845354,77.95860940764409,52.27204048107964,53.32852171037702,54.17995657663501,55.91250443084258,55.32111621730185,58.355439237991234,60.1741432232892,61.05668955818797
2020-08-14,162,54.40412606964957,55.66879576443439,56.899891489052216,60.41018387472488,63.68326892218792,66.76361031141977,72.49918258412343,77.87424098794473,52.2260881680461,53.0170299636432,53.74283649108217,55.90568664521405,57.87294873600956,60.84149154541441,61.13047986211072,62.67585362110268
2020-08-17,163,54.48376095122854,55.76050506400543,57.00121957388444,60.52767305557249,63.80174549018288,66.87214406657557,72.56779146123719,77.89048835445092,53.58140874943699,54.9795580749848,55.90514485117401,55.51187231883858,60.03242354874571,61.70124085804635,61.03943707091088,62.31889299584548
2020-08-18,164,54.149032622324505,55.441693348002346,56.699097444010775,60.278709671545066,63.607985537238605,66.73319936856981,72.53162013176822,77.94369153369529,51.91333091013391,52.801750935145066,54.33987831205888,55.204539863022525,57.435294641945454,61.0756284733781,60.67215814558126,64.72146911530528
2020-08-19,165,53.736436318290075,55.05637522089358,56.34033498692187,59.99477362031665,63.391086818831624,66.57547413612988,72.47041512700508,77.95447112993381,51.42946577706218,51.38139401164822,53.82315639014404,55.90517793444433,57.525174757875,59.56167933167216,61.96085952284888,63.87079434203397
2020-08-20,166,53.591912178513354,54.93692183879007,56.244969821529764,59.96575366131097,63.41981387859201,66.65404023793327,72.6285178352909,78.17124288591778,52.18513717727644,52.882938165020505,52.81399832016266,55.72062277426964,60.24025491121285,59.88272836823899,63.84406810136619,64.50500733230294
2020-08-21,167,53.36428685156654,54.71872372919326,56.036050464630215,59.783428907697086,63.261745354747134,66.51759039998531,72.52736972695324,78.0959148345408,51.81451410917082,52.91941001168395,53.67763991363815,54.82159816467879,57.77432996604527,60.17988477546191,60.41620288807991,63.01822284380639
2020-08-24,168,52.86480544923264,54.22072204486212,55.54211970419972,59.314560798865045,62.832248490504746,66.1365173865745,72.2553369449191,77.93362713832956,51.0096379241459,51.17455470089073,52.42246775551418,54.45657257585047,56.350522205201536,57.28451407475265,59.499989730296775,63.71468350248929
2020-08-25,169,52.82369477500658,54.20247361016664,55.543245158341186,59.35516764908428,62.88904997698225,66.19172201227433,72.27183643853988,77.88562404172451,51.218029191833445,52.82000639907844,53.375876438043925,56.78060938367968,58.69298414480241,59.7209501196318,61.19886087272718,62.0125352755236
2020-08-26,170,52.72538029400059,54.11244657559359,55.46097112702435,59.29305987025278,62.842831320792584,66.15768045185537,72.25335308326706,77.87438303120906,50.75557663254386,53.53814321038495,52.89444926579249,56.07021226357509,58.13254000106237,58.10592342823263,61.60993883217027,62.87410068625863
2020-08-27,171,52.81225772492941,54.19796132739875,55.543326640798796,59.35691365625353,62.87794648070356,66.15737905539976,72.17251610301221,77.71096206144529,53.33846830417596,53.09798328244442,53.46796623051576,56.031993704566055,58.15173636453756,59.27503649927765,60.64109628466677,60.108360805371554
2020-08-28,172,53.01127068651074,54.390444774457144,55.72931249190264,59.52393743496403,63.02729318640804,66.29068928411536,72.27904047947524,77.79727009030697,52.512197691687184,54.37181223312899,54.37055623102491,56.62370859460336,58.22401734127978,59.34021528945165,61.80079087246349,62.66921985752198
2020-08-31,173,53.12619046560624,54.502392042341775,55.838596739850466,59.62696711831586,63.126367317020325,66.38769744967227,72.37607942926856,77.89789357036476,52.6473847908304,53.29869829431188,54.44884672708355,56.87231568722674,57.92742460362531,59.650247462626574,61.61991321013779,63.55805392190287
2020-09-01,174,53.70172660351454,55.046298686953804,56.35286700616095,60.06392442039265,63.50213380815017,66.71633294280548,72.64391461500892,78.13670649697748,55.893540520888806,55.92513417095212,55.69792231200558,57.83940778946108,59.3066949802699,58.577045297661066,63.2123061928596,63.09107811220412
2020-09-02,175,54.44266710806446,55.75302197559934,57.02730814630835,60.652982215899065,64.02209751028415,67.18177451288732,73.03607504830529,78.4908686812534,56.42550300413424,57.694104271887966,57.013374060453415,59.22946356446516,59.76899204595064,60.54367092941284,61.25438114894658,65.39853796145846
2020-09-03,176,54.82613749877533,56.12799935130678,57.39337563868377,60.990781805531206,64.33089575363996,67.46226745297392,73.26518069896983,78.67758754538085,55.13398386609821,56.54746533465907,55.62044801835969,59.33875432064855,60.59247786681109,60.80393669916506,62.015392907710655,64.02584544562347
2020-09-04,177,54.87969299230289,56.17190981542416,57.42835807003804,61.002926602194655,64.32535200449554,67.44322811202002,73.22842082372618,78.63119263754821,55.59460741915084,54.07472038531878,56.35340465459195,57.00943806501465,58.99901981373202,59.85566898067632,61.24657881463407,62.98377466004077
2020-09-07,178,54.85885551039521,56.14851369064382,57.40153459012794,60.96154125861989,64.26467738820234,67.36029961368037,73.09700571869963,78.45096756226184,53.99114703971453,56.018064723402354,54.95640117578826,58.11795787407623,58.70476397320676,58.90941787628386,61.703569887874615,60.80237149304595
2020-09-08,179,54.89061470276144,56.17340348051975,57.419762025361315,60.961067597655834,64.24742970498768,67.32810403896876,73.03969845594256,78.37363332507397,54.78779663372413,54.65804321115661,56.4591466056112,57.10426505773922,58.60956834712736,60.19794680583662,60.60956947614654,62.58642186937514
2020-09-09,180,55.03113281043349,56.30752260490692,57.54725021664022,61.06782589246989,64.33310608130296,67.39316363328852,73.06669491351545,78.36790890919576,53.75202351673529,55.70052552682358,57.07854358584119,59.53969856281272,58.73381963487168,60.29638721745063,59.17610655404244,64.15013762370178
2020-09-10,181,54.88138908137492,56.156124849804186,57.39494876238413,60.916478108454754,64.1867150407941,67.25420522921928,72.94587128672909,78.26544855615248,53.93081136569437,54.06841368208119,55.88876270555335,56.79134752062065,57.99631232045896,59.877804879960806,59.98277035397954,63.69661750031439
2020-09-11,182,54.62693951600814,55.90761173876418,57.15221234637037,60.68986793706267,63.97412142330181,67.05337265630435,72.76207858501988,78.09126767410793,52.96080349263203,53.80129951064612,54.631324486814776,57.62533080052384,58.000332658548274,58.407694960763216,60.63281141333548,62.54953958508039
2020-09-14,183,54.33249747538752,55.61993566543237,56.871451271302995,60.43013555286656,63.734887794434954,66.83329721345196,72.57478552776,77.928847552408,52.15873210903567,53.03767436924218,55.81674586086811,55.85595488267026,57.66446770015949,58.73648001090957,60.33013170468222,62.87863474764704
2020-09-15,184,54.1150653756337,55.40996450999372,56.66806435925621,60.24168390894513,63.55511551617224,66.65716062871488,72.39498691622069,77.73617410101666,53.0663799764086,53.28345634206136,53.528538515746575,57.17236690503064,57.6811985349354,60.46490609880355,58.3165866674684,62.23231292344455
2020-09-16,185,53.96369302222517,55.25615897308254,56.51187735542271,60.07858697205632,63.38533875565605,66.48082522624169,72.20565131454354,77.53378679646637,53.73575993665167,53.340874628463865,54.186932545767824,56.42720620329524,57.19602533438148,58.471170492684806,60.06512149168268,60.95439807112685
2020-09-17,186,53.869999013118566,55.15920854561653,56.41192374270828,59.97093369522407,63.27155674484174,66.36205761909662,72.07906769519242,77.40082967953772,53.203090351801,53.697335660882175,54.38987304575252,56.77083421000344,57.45879829865917,58.13337079233135,59.89735137781196,61.860226635816936
2020-09-18,187,53.25334210979972,54.56597679334756,55.84174957777545,59.466808717271995,62.82755791694659,65.97149476734324,71.77530827800048,77.1600516232878,49.928325834030666,51.27297226444021,52.20699568663059,56.33063018991693,54.48345465322495,57.79021699853991,61.74275227192921,61.496096552749066
2020-09-21,188,52.16954986266243,53.51333606433308,54.819631234456985,58.53125350556346,61.96946060678299,65.1808516024379,71.09018917139666,76.54617620583991,48.54249072386365,49.3877733009395,50.01193310951472,51.5093920262858,55.05540429306998,55.7212777644133,57.670024046471845,59.39257748876415
2020-09-22,189,51.30526444158583,52.67577959985279,54.008592783249526,57.797176799475054,61.306551023029236,64.58194284287106,70.59649243658147,76.12948589600305,48.02041043129818,49.66634488856502,49.62278780671453,51.93201679243299,53.40164373254513,56.22124143651678,59.874584040183485,59.29188865351471
2020-09-23,190,49.79165694198462,51.223360353832234,52.61438634215715,56.55914582395169,60.19725757196136,63.57585633415089,69.7321194018574,75.34134102412574,43.869723433187445,46.625500463450265,48.009793964598295,49.43080490381142,52.74471770985322,54.65484617149727,56.55690361710433,57.324009946155904
2020-09-24,191,48.96804269115369,50.43184403022398,51.85341625443788,55.88003069540462,59.58527457305793,63.01720286929936,69.24510931832708,74.89072757751913,46.58514825982913,47.1217926930608,47.63853804549618,49.88280332440584,54.14921614218843,55.28294918164712,57.06547872199573,58.005300978375445
2020-09-25,192,48.95253339805908,50.411824983923545,51.829324748818536,55.846114278337446,59.54459998434107,62.9721757147376,69.19630995794054,74.84187338039604,48.441205077485726,49.19513158698818,50.48047339781919,51.67093708655327,54.24565721158056,55.87233658330915,58.69650636316853,59.4421963076577
2020-09-28,193,49.438627433539914,50.8734134780796,52.26812234429869,56.22663012292701,59.880961915521496,63.276689805505356,69.46596092045066,75.10306964189631,50.02055627615082,51.36788005018059,52.14917028173416,54.068777405124855,55.41621070482732,55.85570065335666,59.316115261015895,61.9855963646156
2020-09-29,194,49.55151420166646,50.986696704245354,52.38156257582451,56.339365018417475,59.99170445501579,63.384654161389875,69.56741120492184,75.19813390862097,48.90914855688708,50.923975256276464,50.03801990612492,52.65388513337187,55.94770732714292,56.9546184865068,60.16219027612292,60.260926913230605
2020-09-30,195,49.251477314864005,50.70614335067149,52.118125865928455,56.114148729145235,59.78759784007607,63.1879778032132,69.35691290582201,74.95149853626366,47.39102321417678,48.87776148918358,49.18841371210889,51.88793759029948,55.28380623970784,56.758834295133845,58.49664285079192,57.60859299901056
2020-10-01,196,49.33275371063997,50.78228176564365,52.190011307115974,56.17805178688381,59.84951359180082,63.25245535003534,69.43530682676104,75.04965796063058,48.60197440410361,49.25894171937422,51.61461496184924,53.04190664752766,54.47045563741092,56.73958578238527,58.11127085084067,62.05811191774939
2020-10-02,197,49.61180478593692,51.05767622340688,52.46221897398547,56.44345622158782,60.111942634092145,63.515188055164344,69.70609205022731,75.33495469066972,49.52544193797416,50.28082665113848,50.829863228104784,54.56868744655719,56.0288786901207,56.67208753932119,61.23368273699016,62.29565668832336
2020-10-05,198,49.69645764493734,51.141071716974075,52.544440329110266,56.52268084954368,60.188958635146555,63.59072654600158,69.78049272534784,75.40998742638428,48.65619146426425,50.60591418920425,51.31858362686237,53.02251199334047,54.74596958563632,57.73856134117503,59.59367610587592,60.91704025316628
2020-10-06,199,50.11828264775029,51.55784161889709,52.954769720226416,56.90714328823347,60.54091962783136,63.90681181747642,70.02341608857735,75.58599055133972,49.956272079817744,51.88818733181135,52.13506999693737,55.03622841726422,58.13485393189185,57.85726836453128,58.87514579426863,60.733870435200274
2020-10-07,200,50.51042958247889,51.943616512311166,53.33389806943026,57.26550272347972,60.87857253582071,64.22495948889785,70.30841000683053,75.84667556655491,50.763570869128415,51.59158253476586,52.46119150397184,54.85289221453794,57.57330995709986,57.96749918842039,61.217213990767696,61.54226811972879
2020-10-08,201,51.138501114895895,52.55210314495874,53.92323591823773,57.80088998343508,61.36635535231988,64.67203657794487,70.69392321528812,76.19308842479153,51.941690208805966,53.11491949678935,54.19757682753201,56.69526849730004,58.63726510843813,56.55631822250249,60.85397846210124,62.675201851293416
2020-10-09,202,51.79446054763979,53.19183284007101,54.546649978018436,58.37610597623534,61.89637579224536,65.1613137331101,71.11704806813637,76.5697658556819,53.27519680823983,52.87761296036408,54.54374204616768,57.817490216556415,57.41899964639995,60.14528983507867,60.87710305191412,62.551354278041615
2020-10-12,203,52.471986523893875,53.85781095162296,55.200612108344906,58.992698118032486,62.4759631724091,65.70627795348254,71.60378280473222,77.01457094143156,52.43629402378331,53.50468453286593,56.58108358940186,57.784562288949104,59.79491364865986,60.668570076002894,60.44929518074531,64.13015304797281
2020-10-13,204,53.33742340884757,54.70225827098757,56.02401567235238,59.75429034655369,63.18012541298791,66.35918739345881,72.17490503550698,77.53006678894411,54.94765263840624,54.78443496969325,56.76097998505511,58.74273976233124,61.324405442532274,60.6113045308832,61.60929815575589,63.73050898427408
2020-10-14,205,53.779896680137824,55.13716156335733,56.45166638280886,60.162414513086034,63.572407694519775,66.73936412541556,72.5410606180185,77.89327911040866,54.87351403016645,53.97542292834121,54.65947900270741,58.18155709118845,59.374947911966224,61.00193773027557,63.913363604797325,63.57657433508126
2020-10-15,206,53.96037283438329,55.315806024281414,56.6287477713069,60.33632705597945,63.74519087414911,66.91272138629445,72.71942451209398,78.08013640940972,52.46470423373558,55.69824789488038,54.73695387827279,56.73264451418553,59.98613012167994,59.972932190675856,62.09227504743301,64.17657977743265
2020-10-16,207,54.63796521557184,55.97488181177087,57.27050537571819,60.933329249058126,64.30777598785748,67.45018876136072,73.229476272043,78.58522762654569,55.79131690721708,55.89494306040287,57.91137369744724,57.400811632693085,61.103393459255,60.87889341023793,64.97368170210655,64.99515385396845
2020-10-19,208,55.02720003159806,56.35339968141803,57.638699671065744,61.27320998192876,64.62360946313132,67.74622746533261,73.49743731660915,78.83761530915405,54.594022903945785,56.28987656798959,57.27112709546071,59.14410517950128,59.302595077507725,60.85915834544208,63.04418946463159,64.35377949631139
2020-10-20,209,54.667696960351414,56.00340188536187,57.296932583122455,60.94918247790996,64.30839790597837,67.43275824640882,73.1724745363014,78.48891404695027,53.367421227976536,52.826491590023245,55.130778968143815,56.988477642046,58.21526348403863,59.53337526698786,61.896744906330056,59.15433012613477
2020-10-21,210,54.16136346600733,55.5225303226291,56.84108848127578,60.5647902847429,63.98869500638696,67.17026036611347,73.00252084877451,78.3863805045694,51.1076671336976,52.11561534568839,53.94955011849063,55.545532634792494,57.78566130751475,60.766906406354416,62.51639978325226,64.0866569329013
2020-10-22,211,53.10560706471463,54.51174213855188,55.87395961882249,59.71946580187727,63.25000879074705,66.52276520529215,72.49498454243874,77.9724004086964,48.304391369029865,50.21746806843353,51.02316980282252,54.06517964749141,56.786664760312085,57.6757724923661,62.233349194084,62.1134043280181
2020-10-23,212,52.46395230109478,53.90120806179833,55.293240774254414,59.21988205042128,62.81892918196052,66.1482193172874,72.20270868970356,77.73077208540462,48.95914894890672,50.83996351847441,51.90921976105294,53.47906524242812,57.10698384366602,59.28159001433357,61.980433875297145,61.35506370841848
2020-10-26,213,51.64024148459232,53.12036762761956,54.5531931248157,58.58934726449189,62.27890583145153,65.68121599042531,71.83813406211695,77.42540938878753,47.266298081167726,49.63025282299729,50.034759527419816,53.64504799460645,57.61149543003802,58.25457077127539,60.20112754131116,61.688644186946405
2020-10-27,214,51.33434366529925,52.84210900273902,54.301662824619164,58.41199047707892,62.16629080732196,65.62416605273579,71.86810540813937,77.51725634587088,48.76114326182088,49.357305618867805,51.27560502641548,54.964112174688026,58.24716202597218,59.69392836572547,60.96589550283021,65.04106173771558
2020-10-28,215,50.80776026223801,52.349594786194174,53.841144305741906,58.03508475247315,61.855465928583335,65.36401006723932,71.6729026126824,77.35332728642427,47.73214442225482,48.67119720013617,50.53840761488374,54.84542761850086,56.41231954712486,58.13011096610897,62.45133538374993,60.67805611469189
2020-10-29,216,50.81081688295448,52.36255140241355,53.86286193460909,58.076912782311105,61.909621805285,65.42454966557068,71.73454119090289,77.407914181786,49.21555012156732,50.24498645704393,52.48083469150977,55.14586557886589,58.32072935423898,58.88852645387889,60.49491089975308,62.520481541632506
2020-10-30,217,51.00418520023987,52.55746941007657,54.058728915170576,58.27271598243593,62.10226284203961,65.61224414209065,71.91054995596575,77.5732437681731,50.11759137426545,50.40695354451843,54.0991083027005,55.648153480829386,57.551519889380174,59.53373675053593,62.03417854632133,62.70466956936417
2020-11-02,218,50.67044358538486,52.24397040060317,53.76514383794823,58.03597636713904,61.91684245707325,65.47198254166625,71.84272020429364,77.55765032610789,47.9842130777508,49.99329655710228,51.12833721300189,53.41086510782774,57.337605805291126,58.21608285719056,61.174350233037565,63.83496346848005
2020-11-03,219,49.9650502769565,51.561888251507874,53.10669372502551,57.44829384441063,61.39663477418376,65.01350638389789,71.48683120268493,77.27702513770139,46.85227516285793,48.39585920481662,49.93946590772553,52.11178596290031,54.94317590613467,56.76904101259287,58.14873166025213,63.705502837212194
2020-11-04,220,49.905987074649616,51.51099115646705,53.06335630889089,57.42413055403649,61.38686902658698,65.01413142285838,71.49934022862202,77.2938638182435,48.16843725555701,49.454980561215166,52.06989887897301,54.61601104428205,55.45094310155042,58.375260646213256,61.69384392024708,61.696433554614416
2020-11-05,221,49.8899454113231,51.49524017820307,53.04763889521075,57.4071647436458,61.36704003454027,64.99030915331782,71.46566879144092,77.24955272042199,49.81635513197492,48.85909798928858,51.347420586706725,54.6095737184861,56.65096923893843,57.41674849958294,59.60234533763549,62.0728094681795
2020-11-06,222,50.4485125933364,52.02825066400858,53.55632369473539,57.85079901574385,61.757682547395035,65.33925283940681,71.7594190155736,77.51567670773753,51.479643971063695,52.53058252393613,53.84363403508751,55.02742031529848,57.427700649353085,58.21994673923415,60.716637263518656,63.92384339566454
2020-11-09,223,51.31331171070674,52.86334487758367,54.36264057610217,58.577634052343996,62.416698762450906,65.94244295317169,72.28355285845413,77.99543884597703,52.58698614413029,55.14829611735451,54.70423468199972,57.00231017105261,58.81636193710183,59.52285427698837,62.02811809369486,65.01620441488222
2020-11-10,224,51.72101576063339,53.2573276229755,54.742678317053965,58.91571224080149,62.71448180288878,66.20307893812026,72.48165618599116,78.14663413712736,52.43300466587812,52.96563853197286,53.802839366725856,56.34787091336035,58.44097472177278,60.78441949934762,60.22082065705872,62.69398841000219
2020-11-11,225,52.166749121211936,53.684725617134575,55.151959282746475,59.27297424097733,63.02458778298571,66.47172367373676,72.68444916129876,78.30332581819461,53.4491786070591,53.24357912207582,54.63976955564717,56.72163813716989,58.0993878968165,60.10422384106279,61.543338883495245,62.3870012304377
2020-11-12,226,52.719291195769806,54.21465718813203,55.659775716104825,59.71844831748712,63.41497306095696,66.81483477247403,72.95513150622445,78.52606299719194,53.44089301067956,55.21933002054062,56.11372123919392,55.897503819980585,59.34563855302555,59.97142232126503,62.1626533133882,62.89888664062931
2020-11-13,227,53.334714128156136,54.810579755426495,56.23705464005127,60.24548209111114,63.900676934550575,67.26782330317243,73.36501604750408,78.91572861820941,54.43581773106772,55.40390175785619,55.79184156276251,57.5598158588802,59.375093649062286,61.15212800342184,63.392144690171165,65.21397385158586
2020-11-16,228,54.07088863156464,55.52031865131129,56.920437094420286,60.85206429007022,64.43638668756037,67.74033834929864,73.73558032783318,79.21389460264731,55.0552395061028,56.357399405799,57.55730718755488,59.62915430501924,60.09029920986897,61.01589011680266,63.083705660674624,62.72555456008525
2020-11-17,229,54.63524068499906,55.99652542399363,57.30628307043406,60.95593001299188,64.24551544306665,67.24481604987466,72.60537126492032,77.41473239797817,55.70984586535587,57.04565701351135,57.6829287296785,58.720402076453865,60.34304137253969,60.398467189636776,63.46976641412552,63.84859178525865
2020-11-18,230,55.02026769987571,56.05651825482821,57.03053014492696,59.616982015120655,61.773429638588006,63.58302770775161,66.4274713297951,68.56669593368113,56.80225611971712,57.37199901479629,58.115815911944615,59.18158184120777,61.096768340079,61.02163853411884,64.52263564565918,65.81673893869564
2020-11-19,231,54.94802571875411,56.09830654180401,57.19018117412093,60.149936927928195,62.70362997709471,64.92888183166355,68.64550067083091,71.69783378277506,53.82855864206589,55.18224379597865,55.45456661483692,57.3790466431724,60.574100653847744,59.68974573650792,61.950772506813614,63.51749885760521
2020-11-20,232,54.92129146650205,56.10147114945332,57.224975940135494,60.28854543788339,62.95685673590371,65.30493429522382,69.28492174674983,72.61761564721358,54.643799249608,55.46100434609686,55.89047270013345,57.65425877799906,57.24503717549287,61.01076542927457,64.31749644935202,63.47823890883684
2020-11-23,233,55.0415598210709,56.254513661510735,57.41259335707977,60.58979899906738,63.38490344557549,65.87103488259059,70.1551369800101,73.82276012166736,54.64242642197838,55.79912749907557,56.54929008149814,57.68753096208827,60.3299400491192,61.31301642473905,60.82627276887192,64.22027121081324
2020-11-24,234,55.32470029623395,56.60413950985598,57.832512688415335,61.241835055452555,64.29777001055433,67.06990843457487,71.9906279764392,76.36861201625912,55.30579907177776,56.420162358071416,57.84931003462596,57.17620686236891,61.52566046274356,59.93050473446164,61.24611573915298,63.5929527965103
2020-11-25,235,55.40686968514088,56.69389154661954,57.93066364158618,61.36977949366585,64.4617718842487,67.27547458741073,72.29335012295164,76.78419289058372,54.9993202892237,56.32692604740834,55.914491444454704,58.19580393561981,60.65199931762062,60.50695188524734,62.23049844180705,63.91873081428533
2020-11-26,236,55.74161571182511,57.09520294867203,58.40276328224392,62.078485138110565,65.44112730242986,68.55671806901702,74.26281521631459,79.54354958150957,57.11921313093647,55.98291866386541,57.8786552599549,58.52345153714387,59.791142064572746,61.38970569950224,60.418741216328165,61.54959287937873
2020-11-27,237,56.27525607387417,57.59778321152891,58.87501111618788,62.46515846079796,65.7515609399534,68.80065491310906,74.40085655349871,79.60547601617215,56.9464399205005,58.27405596488453,59.968000514078696,60.09101882431812,59.92068465556216,61.29923101085301,61.34475765249934,62.63346574179914
2020-11-30,238,56.300079125304606,57.61743253195326,58.88989928368147,62.46798491582724,65.74513745216248,68.78718181836237,74.37790885702437,79.5768338386478,56.15518003211588,55.86873166166087,57.885333976486,58.52325466312868,59.715176720704896,60.25571213221927,62.73960593669764,64.06506144145547
2020-12-01,239,56.12143776399681,57.43815069684435,58.709902001371496,62.28536327282012,65.55917121961268,68.59720028540639,74.17820761547065,79.3656901931695,55.27012725119004,56.147264670984335,56.31665951664126,58.413927653916325,58.92776653548276,60.146821864718525,61.33226324779861,62.272560003232
2020-12-02,240,54.98945133597601,56.34939511055354,57.6628384252676,61.35300463173553,64.72498371152575,67.84489942062127,73.54638903014019,78.80845926497504,50.47657694505142,52.1491587855765,53.60750778723347,55.923408128719934,55.84369277240441,59.26710138010087,59.72328194237745,62.22385149645552
2020-12-03,241,54.166816216910746,55.558553908797016,56.90296632881501,60.679888956631814,64.12803173816634,67.31305151571068,73.11396716290544,78.44156301813648,50.81898019196944,52.35714774599575,53.33793858745273,54.262011931008594,57.344697263268834,59.28203751736597,59.73490486080341,62.97884021830366
2020-12-04,242,54.112820288670605,55.50287823399753,56.84531060292546,60.61485838816139,64.05413227853535,67.2294572470338,73.01026722761436,78.31841834256369,53.19949251118869,54.66330070535693,53.57374914765355,58.53083934411974,59.389557068091975,59.019659847468695,58.86330006906384,62.587757264608605
2020-12-07,243,54.3612351876377,55.73949850660014,57.07040036984041,60.80737485522039,64.21761262375828,67.36764408177457,73.10840145352189,78.3882140604864,53.9196679825244,55.70395717758048,56.31761080899794,56.8909874846248,59.61451615432559,60.33750692131655,62.10497447911574,62.25590431810001
2020-12-08,244,54.82374980024893,56.18289943234843,57.49561121948261,61.183738886829374,64.55358770863303,67.67102707546914,73.36612918951056,78.61984463846028,55.12649570593926,57.114093495584726,56.84078048091031,57.22741203257325,60.27115192533231,61.841797871155855,61.14680795835692,65.04680611238014
2020-12-09,245,54.55781219023666,55.91994154856673,57.235305799535716,60.92944766861579,64.30257189564705,67.420887854539,73.11206821326392,78.3565221834736,53.51738632783793,54.018092643991736,54.54271822043425,57.775767231099984,57.24652611312145,59.51102371818935,59.80828733134495,61.06608257445576
2020-12-10,246,54.411207221260625,55.77591388155871,57.093433636702855,60.79174906191102,64.16612949315252,67.28342737297835,72.96789502160392,78.20199234616547,53.64231905410564,53.71362653634336,54.45896627253422,57.391986711706586,59.27867142162514,59.665187664274725,60.06645477403734,61.42961277571391
2020-12-11,247,54.18206297686405,55.546308699349076,56.863314115668665,60.559664569943564,63.93133847504021,67.04515929380706,72.72057694929008,77.94337331695344,53.29171257071762,54.25110641077932,54.184064499122165,57.06850537815573,57.94743901677543,57.42383665426118,59.54063456735102,61.160514715197785
2020-12-14,248,53.633495880329896,55.01460590703503,56.34815218190618,60.09129987043397,63.504420220058,66.65375598676194,72.3830177400374,77.64016618759996,51.15985789084253,53.24542517260389,53.17535712552952,54.56764957546842,56.89243683310377,57.63558812893322,60.0895116879082,61.82618085890583
2020-12-15,249,53.66626351343837,55.04272460118369,56.37149419449124,60.099926722951,63.49835947335239,66.63355794198253,72.33720888594938,77.57272182125358,53.25158921160859,53.44305554568832,55.24484201008065,56.76908573588506,56.988025440335534,60.62908244658651,60.67238220734865,60.60656718398096
2020-12-16,250,54.03133197972466,55.38758389728674,56.697161697578764,60.37419458862787,63.73016657723576,66.83097977105191,72.48567451568367,77.69162750076192,55.08342845964159,56.10020106362075,55.46052579489315,56.65064677872465,58.02316290749721,59.716888890775095,61.897491671521486,62.42817076530001
2020-12-17,251,53.87347265856812,55.23260982526353,56.54496788797973,60.229552037916505,63.59171477912782,66.69730645949569,72.35767525376012,77.56509269269229,52.47222074204649,54.19398119269381,53.93982419605812,56.82441521688995,57.33998783200296,59.094486230692745,60.31516722489896,61.69186795398672
2020-12-18,252,54.13074061492415,55.47698385346854,56.776552983909454,60.42409218282199,63.752137001697214,66.82715190592111,72.43725588410632,77.60733130217479,53.868412541739154,55.70893329984118,55.17937265152278,56.88795351404399,60.49135630983582,60.68756720455925,58.90556278113177,61.99068211207354
2020-12-21,253,54.272777153841595,55.61132087413869,56.90350202897756,60.530848292125434,63.841673345872444,66.90226409150281,72.49066178788058,77.64632881104122,54.07759651094552,55.26820354553385,54.53161665723865,57.97159966400357,58.33874425758621,60.26472165176129,59.97107652444176,63.02672325815266
2020-12-22,254,54.97464807485984,56.27948951416184,57.538791309353826,61.07366942093281,64.30268398944995,67.29260734324266,72.77069122406809,77.8501802021434,55.943620477057664,57.73696587924112,58.27176628971013,59.26308200645105,59.429313478441216,62.34879788391128,60.20129157687751,61.26427766101159
2020-12-23,255,55.497669407767596,56.77878053030187,58.01558813285063,61.490460317551204,64.67026036303902,67.620705955258,73.04376273555104,78.09178406474132,56.33985631729048,58.36337930589646,57.3260611502199,58.53767848689861,58.432308802612205,61.22921665797672,62.67286890028749,63.74610978883323
2020-12-24,256,55.57498519304967,56.84542879407489,58.07205123521445,61.51924804344963,64.67548303987378,67.60604035021814,72.99830347287137,78.02432602328282,55.68264681487226,56.20470861402129,56.33172044530736,58.48045238860883,58.50706214896024,59.11658917598526,61.01189271344514,61.98014715417165
2020-12-25,257,55.88729777613209,57.138657973171576,58.347025426977844,61.74458538416842,64.85876574568452,67.75427640689848,73.0940968807216,78.08550105840948,56.34857029041216,57.45727869230364,57.66264453913093,58.476718417114895,59.669348686644426,59.32475639363065,61.51181898524654,62.65551091801935
2020-12-28,258,56.3130855971779,57.54568877337501,58.735972135959244,62.08372360295856,65.15506117118905,68.01450176047727,73.30002890096551,78.2559630303562,56.34262201130053,58.355762813447136,57.59535976070414,59.30281545569059,61.03062982799196,61.60154978404121,61.97329037199864,62.55318635345189
2020-12-29,259,56.485904184723125,57.704435026954435,58.88155004983528,62.194898007502445,65.23867808812217,68.07631030893144,73.3313991535251,78.2689774284019,57.417543688960286,57.75332386991517,57.35511653839039,58.20022404294827,57.90367174383407,60.38597399306155,61.31297682969962,63.891182085805305
2020-12-30,260,56.64391106879535,57.84934138858916,59.01390125283447,62.2929313812375,65.30730829393822,68.12005718956486,73.33673710277083,78.24737446229491,56.70420438421361,57.86292092938304,57.0606660024685,59.50860300677618,59.1260138441126,61.00021573718427,59.97646197659245,62.91622442507817
2020-12-31,261,57.14634083926514,58.328799496114314,59.471391628350005,62.69077435618427,65.6548171435066,68.42590394421639,73.58130802839851,78.45323013848677,57.45168091654741,58.892959622512485,59.721138043756525,59.91559579737724,60.12763729629779,62.39034479831507,62.571975885103896,63.09286860838174
2021-01-01,262,57.99800150266081,59.13617358146961,60.23634827734334,63.34016498280216,66.20608958302464,68.89534099863837,73.9285388310476,78.72072557779077,59.441243441119816,61.53249263453733,60.92303528787338,61.852216304047616,61.98473952981023,62.34390876440461,60.6442336660557,63.3930100853954
2021-01-04,263,58.66863646715521,59.779528831308625,60.85392014310781,63.889253869460546,66.69926363164275,69.3437926414878,74.31492053537957,79.07213433172183,60.81444847337789,60.05550265406854,60.63820813365378,60.2855992350211,62.09940371906651,63.25595393616612,64.51257007947254,64.70114074601028
2021-01-05,264,59.65257446532628,60.71743562082217,61.74821999442253,64.66711470469346,67.38109670593121,69.94780298330225,74.80789354974767,79.49831154197832,62.90677891550654,62.2084287315519,62.26261176392557,62.48470280616562,62.78252039733996,63.57337166647166,63.18099183309221,65.55604516440455
2021-01-06,265,60.634841477974675,61.65215715936246,62.6379178380338,65.4366267405021,68.05144213797045,70.53764438138738,75.28229928818189,79.90238631622394,63.28268295927421,63.38899829555464,64.14784463422814,62.30559250648007,63.614375541605554,63.36998600037224,63.55196106472793,65.85521988646607
2021-01-07,266,61.22065071700687,62.20821801487196,63.165917357168794,65.89019900880652,68.44408007213029,70.88109686717334,75.55558782932346,80.13302411171036,63.59164090002599,62.2656821556692,62.68296569609696,62.82947131158841,62.32014742163391,63.18974946041457,63.42550244830617,66.23596720553007
2021-01-08,267,61.55100525741443,62.50817600296986,63.43694730283149,66.083086836438,68.5709788164469,70.9527398739668,75.54274115950966,80.06117191134179,62.50157746596704,63.21623863934927,62.47365019494321,63.18114226488945,61.13551052948847,62.82179021829889,62.16937630962109,62.61365548418528
2021-01-11,268,62.21873831741732,63.13534208133895,64.02571624722498,66.56930120574759,68.97222099883805,71.28438891620632,75.7722235522261,80.22463746614139,63.50194715002368,63.86271763596696,64.71963211791062,63.35270619155523,63.620943212065605,64.58382019080743,63.56862153880313,63.21275335874905
2021-01-12,269,62.99354055397964,63.85738531758007,64.6979429260153,67.10897667583025,69.4025111153281,71.62526307035955,75.98167766350653,80.3483595920425,66.24389356160295,65.11567595391055,64.75868722116337,63.0711563646988,64.60925331277092,63.21279272983002,63.922149742546615,62.981331710464914
2021-01-13,270,63.30689605163273,64.14858002026172,64.96831646360788,67.32440554724785,69.57305800500923,71.75940591430025,76.06274358017636,80.39504151917055,64.79599195620106,63.64470945078763,63.77674292971575,63.91363161650181,63.53675666641384,62.699006662064,61.03038956337413,67.48709799449898
2021-01-14,271,63.31744973794811,64.1402458481324,64.94199902691335,67.24935105265254,69.45642005914846,71.60733422228931,75.85426985801037,80.14383519173248,64.73556321312745,63.75710001783979,62.45328307445091,62.27662671595719,61.56470475144575,63.09884964059832,62.44403202272344,61.79969758379926
2021-01-15,272,63.09954197985231,63.915232905670564,64.71002667612302,66.99748423555644,69.18619180260526,71.3201861244302,75.53682627745685,79.79941906379585,61.93129791914505,62.871113877133006,63.12569660990231,62.94887384285789,62.32055618855682,61.50389993230984,58.7546543040329,63.27509586626879
2021-01-18,273,63.835720003557874,64.60701865403198,65.36029874377972,67.53920383212953,69.64050582524942,71.70469763919859,75.82226160540611,80.02386401268659,66.32090365508867,65.9172413930857,65.41086419671119,63.29975594481952,64.24709461349536,64.07343328941126,64.28186727075722,65.28020602975633
2021-01-19,274,64.21690376820582,64.96622985329365,65.69902336774726,67.82464142585336,69.88335060299383,71.9137585271536,75.98385218192392,80.156734356586,65.84498074776243,64.7067815586303,64.55625303495259,63.80260514289312,63.31256725892438,63.94150285379612,63.8230361740082,66.37499275399895
2021-01-20,275,64.25353330524098,64.98359242840898,65.69816060358973,67.7749710150619,69.79273376929727,71.78879551678698,75.80539978862997,79.93891591482353,66.53211893634919,64.64426273494122,61.493666301285415,64.32563786360267,62.36915626906856,61.86218513703191,62.29350229473194,62.73009585645444
2021-01-21,276,64.25536668597877,64.97040232717697,65.67076473605725,67.7095424536243,69.69537636253115,71.66459657232386,75.63913547382259,79.7412695393021,65.31326768536415,63.39054601521753,63.31949937594276,63.50531165008783,63.27446202500545,63.11914406026605,61.78060351034301,61.97749457685775
2021-01-22,277,63.77528388911092,64.50301322051165,65.21500569412902,67.28289636416153,69.29037664515502,71.27515293095553,75.2669509546142,79.37331412599269,62.63524738211281,62.87978322321622,63.54619005856326,60.4265281632003,61.547775719601375,60.456090736212026,60.21611044198109,63.852606953134696
2021-01-25,278,63.503121474429705,64.23863768553413,64.95779744978573,67.0437889318664,69.06492563030606,71.05969617757934,75.06308957734257,79.17311917068812,62.920319069293406,62.6324605947297,62.76394486171671,61.27670140565515,61.04172036615243,63.40516312683026,61.412675485154736,63.251850577366994
2021-01-26,279,63.26575650878804,64.0067769236234,64.73097393601293,66.82952233443916,68.85988632084343,70.86114402896115,74.87122365900889,78.98197186690055,63.42722463207576,61.844324095146746,61.37532229574557,61.6974660124788,62.68448525012755,62.38325758962824,62.86871005584327,61.25525776508292
2021-01-27,280,63.13848642141377,63.869614369963045,64.58438377158596,66.65727837321535,68.66551568712396,70.64760074430318,74.6260754352646,78.71135507244469,63.99887868557723,61.97304749845742,62.50088352702284,61.72903785370166,61.25445390111648,62.53225152313018,60.77553788166174,60.48741715887467
2021-01-28,281,62.8823655551347,63.61159939542154,64.32440966517778,66.39112898099107,68.39287396187108,70.36824711142137,74.33279914931981,78.40355842716815,61.76798475824764,61.38604021493322,63.94243087952285,61.88086728468148,60.962183260396,60.42284405289909,59.852346341490026,61.30784217344253
2021-01-29,282,62.43232854244145,63.18480795836025,63.9192652446223,66.04209743750074,68.08835936095183,70.09866942632765,74.11119841081747,78.20947626240628,60.6267782121393,61.47609562741418,61.27879357130972,60.652406002760166,60.27061156217326,60.94238885950858,60.696370190677925,64.17771204276659
2021-02-01,283,61.41961702850977,62.22470230268747,63.00816189560261,65.25810910423263,67.40536750211909,69.49510123105256,73.61717397359766,77.77893819000789,58.81973572996903,58.96757742665008,57.64122180735582,59.1451039413031,60.19177883155351,58.81619060752275,59.646458041046905,62.22369743390718
2021-02-02,284,61.56176055053998,62.3592874323942,63.135758685409655,65.36779341634362,67.5010146632594,69.57980548935089,73.68685101915175,77.83982393354977,61.28431668619509,62.72316694853234,61.43739101027025,61.05829958701654,60.19275788135747,61.44071293876743,64.12204550918993,63.05072647490094
2021-02-03,285,62.408356056110684,63.14745558238855,63.86937944488093,65.95914215010669,67.97807787915735,69.96563018951097,73.9426802805519,78.01443368758939,64.61744980270261,65.51083167052565,64.04635265952433,64.38402312763034,63.40120015994391,59.72693071376332,61.388583219302966,64.20872394288851
2021-02-04,286,62.918483389594286,63.63788625918759,64.3416224452496,66.38500498982583,68.36810252333309,70.3283685337675,74.27011826832594,78.32442400833837,64.63771525135043,63.48295641571269,63.43075063984824,61.704772203605934,62.73005585110788,64.77548380934725,63.767071457493365,66.32751170186768
2021-02-05,287,63.441648025190155,64.12762657370448,64.80025648989277,66.76297966839891,68.68183988073619,70.59126215446618,74.46155918060668,78.47231372696974,64.65966461359534,64.4666307312533,64.89796958681298,63.13789506099104,62.333917611357656,63.35152156761167,64.23316771735693,62.63680159926907
2021-02-08,288,63.41250261186215,64.08935089068504,64.75339579177188,66.69332715227914,68.59320891281938,70.48672464314396,74.33200703170365,78.32382033979529,63.04870278361625,63.23730689077156,63.39348462218622,62.657988183517205,60.4027233309014,63.20214771805367,60.88935258430186,61.82203651918146
2021-02-09,289,63.34623412361227,64.02197884298192,64.68497217238465,66.62199378353355,68.51922265895924,70.41023827728442,74.25071988971806,78.23775346015024,62.27270002695021,64.43241153148107,62.49222541535171,61.09829670963354,62.17966758667205,62.06581451116895,61.416740674645546,63.29857763615268
2021-02-10,290,63.61955261214146,64.28688995158264,64.94219775469648,66.86001016985442,68.74289122060479,70.62342676891022,74.45152349749571,78.43403009642226,64.15159901539124,63.984776770745725,62.56083609390862,62.194832054964685,64.38135889828659,64.18745071589974,62.874994386291,65.53806510743813
2021-02-11,291,63.79099241805448,64.44746164463847,65.09270081512055,66.98460411969242,68.84704948071996,70.71152995257351,74.51723199372852,78.4861682594181,64.17863996657506,63.75498039688007,63.64189352704516,62.77586530055464,62.27848889261034,63.37983660899794,62.65654702625008,63.99319330638438
2021-02-12,292,63.54193213284429,64.21188951262769,64.8696675489643,66.79397942107295,68.68203986285732,70.56655939467959,74.3996605552015,78.38419157081375,63.17080918599853,62.662993493622125,61.63553199125804,61.085813326260535,62.212053074827296,62.01573570584207,62.75326650549847,63.37416911038518
2021-02-15,293,63.3009946493907,63.99059765523446,64.6667189755132,66.6388990517254,68.56546934740392,70.48081388630379,74.35812706779038,78.37073153429722,63.80851530042629,61.17517976856642,60.641605846878,62.17996155394422,61.62253167011495,62.37062663021692,63.25048811757022,65.01671719410572
2021-02-16,294,63.34401384896606,64.03124896851745,64.7052029602896,66.67192102068692,68.59429813578359,70.50641759750263,74.37932711845643,78.38930282061116,62.09386945149976,62.52754419190872,63.05530583786769,63.01785047052334,64.17310709322884,63.18470664805183,62.62232342107149,62.26330568402967
2021-02-17,295,63.01625276606146,63.72072604459298,64.41070289751563,66.41882164008261,68.37390029789898,70.31157937423714,74.21936297548984,78.2490818136703,61.72273432823238,61.55777031513082,62.29162910150315,61.77263322005165,60.37078407594337,61.1318642107158,62.926767417891774,63.11901211067028
2021-02-18,296,62.877423201439136,63.57517089837608,64.25875984309576,66.24954095353517,68.18961268387804,70.11413747664307,73.99961928304272,78.01046951555166,62.484422657929706,62.21566441037975,62.95748238669968,61.6869062249575,61.05029521538581,60.56651284345948,62.08055983333598,59.525764231082256
2021-02-19,297,62.44880577862053,63.170885422343176,63.877111660238064,65.92651059378714,67.91308216865814,69.87416668046792,73.81018889069375,77.85059710210352,61.14586164265554,61.05693333902694,60.19667209569924,60.29229932511332,61.670493911950174,61.31148682535407,61.71040174796036,62.72137702863658
2021-02-22,298,61.88244711087629,62.627767370401166,63.35553274570612,65.46021830306233,67.48990399290282,69.48410220837393,73.46356049832868,77.52609784573698,59.95063836328732,60.71979261077976,60.00060949937248,58.87801795164518,61.43381564154858,60.60028732090895,60.23055597152906,60.10394109265362
2021-02-23,299,61.63446045631899,62.38970175396988,63.126693142038086,65.25518800764067,67.30355506506963,69.31215667055469,73.31054337860289,77.38267466503216,60.83937616579278,60.42478340096277,61.50044780424672,59.99322322530126,59.529994963720654,61.128120611562665,61.7783157617053,61.71189585054938
